sitePosition,siteLabel,siteSequence,leftSiteSequence,phosphoAcceptorSite,rightSiteSequence,score,scoreQuantile,scorePosition,scoreDistributionSize,scoreRank,quantileRank,id,name,geneName,type,weakCatalyticActivity,motifGroup,peptide_id,sequence
8,T8,RRRRPTPATLV_,RRRRP,T,PATLV,-10.856099348114773,0.0018371910316069377,152,82735,303,300,137,FAM20C,FAM20C,STK,FALSE,FAM20,PPR1A_28_40,QIRRRRPTPATLV
8,T8,RRRRPTPATLV_,RRRRP,T,PATLV,-9.598487183591516,0.002115187042968514,175,82735,302,299,361,IKKA,CHUK,STK,FALSE,Other,PPR1A_28_40,QIRRRRPTPATLV
8,T8,RRRRPTPATLV_,RRRRP,T,PATLV,-8.510999729617378,0.0022239680908926088,184,82735,301,298,42,ULK1,ULK1,STK,FALSE,Other,PPR1A_28_40,QIRRRRPTPATLV
8,T8,RRRRPTPATLV_,RRRRP,T,PATLV,-8.491200758641483,0.0010152897806248867,84,82735,300,302,112,DSTYK,DSTYK,STK,FALSE,TKL,PPR1A_28_40,QIRRRRPTPATLV
8,T8,RRRRPTPATLV_,RRRRP,T,PATLV,-7.800549829839114,0.01345258959327975,1113,82735,299,292,304,CK2A2,CSNK2A2,STK,FALSE,Other,PPR1A_28_40,QIRRRRPTPATLV
8,T8,RRRRPTPATLV_,RRRRP,T,PATLV,-7.728437013620372,0.016208376140690154,1341,82735,298,289,305,CK2A1,CSNK2A1,STK,FALSE,Other,PPR1A_28_40,QIRRRRPTPATLV
8,T8,RRRRPTPATLV_,RRRRP,T,PATLV,-7.696043961629137,0.0016438025019641022,136,82735,297,301,256,NEK6,NEK6,STK,FALSE,Other,PPR1A_28_40,QIRRRRPTPATLV
8,T8,RRRRPTPATLV_,RRRRP,T,PATLV,-7.203482312167195,0.006031304768235934,499,82735,296,295,257,NEK7,NEK7,STK,FALSE,Other,PPR1A_28_40,QIRRRRPTPATLV
8,T8,RRRRPTPATLV_,RRRRP,T,PATLV,-7.195849245229948,0.014455792590801958,1196,82735,295,291,316,GCN2,EIF2AK4,STK,FALSE,Other,PPR1A_28_40,QIRRRRPTPATLV
8,T8,RRRRPTPATLV_,RRRRP,T,PATLV,-7.123642907476405,0.027968816099595093,2314,82735,294,283,151,CAMKK1,CAMKK1,STK,FALSE,Other,PPR1A_28_40,QIRRRRPTPATLV
8,T8,RRRRPTPATLV_,RRRRP,T,PATLV,-6.950655842026438,0.003746902761829939,310,82735,293,296,39,ULK2,ULK2,STK,FALSE,Other,PPR1A_28_40,QIRRRRPTPATLV
8,T8,RRRRPTPATLV_,RRRRP,T,PATLV,-6.633795762043424,0.10568683144980963,8744,82735,292,264,58,PLK4,PLK4,STK,FALSE,Other,PPR1A_28_40,QIRRRRPTPATLV
8,T8,RRRRPTPATLV_,RRRRP,T,PATLV,-6.592973185835693,0.033057351785822205,2735,82735,291,281,187,MLK4,MAP3K21,STK,FALSE,TKL,PPR1A_28_40,QIRRRRPTPATLV
8,T8,RRRRPTPATLV_,RRRRP,T,PATLV,-6.491209792912026,0.052287423702181667,4326,82735,290,270,69,PLK2,PLK2,STK,FALSE,Other,PPR1A_28_40,QIRRRRPTPATLV
8,T8,RRRRPTPATLV_,RRRRP,T,PATLV,-6.173135774217924,0.008642049918414213,715,82735,289,294,291,BMPR1A,BMPR1A,STK,FALSE,TKL,PPR1A_28_40,QIRRRRPTPATLV
8,T8,RRRRPTPATLV_,RRRRP,T,PATLV,-6.141742404283516,0.42275941258234123,34977,82735,288,226,30,STLK3,STK39,STK,FALSE,STE,PPR1A_28_40,QIRRRRPTPATLV
8,T8,RRRRPTPATLV_,RRRRP,T,PATLV,-5.880189946994232,0.14071432888136823,11642,82735,287,257,319,AlphaK3,ALPK1,STK,FALSE,Alpha,PPR1A_28_40,QIRRRRPTPATLV
8,T8,RRRRPTPATLV_,RRRRP,T,PATLV,-5.875036667330539,0.06769807215809512,5601,82735,286,266,122,MST2,STK3,STK,FALSE,STE,PPR1A_28_40,QIRRRRPTPATLV
8,T8,RRRRPTPATLV_,RRRRP,T,PATLV,-5.658455048275235,0.03441107149332205,2847,82735,285,279,373,BCKDK,BCKDK,STK,FALSE,PDHK,PPR1A_28_40,QIRRRRPTPATLV
8,T8,RRRRPTPATLV_,RRRRP,T,PATLV,-5.495817173344551,0.015978727261739288,1322,82735,284,290,310,TLK2,TLK2,STK,FALSE,Other,PPR1A_28_40,QIRRRRPTPATLV
8,T8,RRRRPTPATLV_,RRRRP,T,PATLV,-5.428739104360791,0.033975947301625675,2811,82735,283,280,242,GRK4,GRK4,STK,FALSE,AGC,PPR1A_28_40,QIRRRRPTPATLV
8,T8,RRRRPTPATLV_,RRRRP,T,PATLV,-5.336546185939173,0.02207046594548861,1826,82735,282,286,253,NEK9,NEK9,STK,FALSE,Other,PPR1A_28_40,QIRRRRPTPATLV
8,T8,RRRRPTPATLV_,RRRRP,T,PATLV,-5.28881962231415,0.049616244636489996,4105,82735,281,271,184,MLK3,MAP3K11,STK,FALSE,TKL,PPR1A_28_40,QIRRRRPTPATLV
8,T8,RRRRPTPATLV_,RRRRP,T,PATLV,-5.257205569592704,0.036864688463165526,3050,82735,280,277,364,IKKB,IKBKB,STK,FALSE,Other,PPR1A_28_40,QIRRRRPTPATLV
8,T8,RRRRPTPATLV_,RRRRP,T,PATLV,-5.255270958066754,0.0029491750770532423,244,82735,279,297,370,ACVR2B,ACVR2B,STK,FALSE,TKL,PPR1A_28_40,QIRRRRPTPATLV
8,T8,RRRRPTPATLV_,RRRRP,T,PATLV,-5.194072685277811,0.027666646522028163,2289,82735,278,284,109,CK1A,CSNK1A1,STK,FALSE,CK1,PPR1A_28_40,QIRRRRPTPATLV
8,T8,RRRRPTPATLV_,RRRRP,T,PATLV,-5.0667894562626294,0.03094216474285369,2560,82735,277,282,368,IKKE,IKBKE,STK,FALSE,Other,PPR1A_28_40,QIRRRRPTPATLV
8,T8,RRRRPTPATLV_,RRRRP,T,PATLV,-5.0118126136077725,0.040937934368767755,3387,82735,276,275,72,PLK1,PLK1,STK,FALSE,Other,PPR1A_28_40,QIRRRRPTPATLV
8,T8,RRRRPTPATLV_,RRRRP,T,PATLV,-5.0038150256885485,0.274817187405572,22737,82735,275,241,51,TTBK1,TTBK1,STK,FALSE,CK1,PPR1A_28_40,QIRRRRPTPATLV
8,T8,RRRRPTPATLV_,RRRRP,T,PATLV,-4.9029506645201115,0.3639572127878165,30112,82735,274,232,206,OSR1,OXSR1,STK,FALSE,STE,PPR1A_28_40,QIRRRRPTPATLV
8,T8,RRRRPTPATLV_,RRRRP,T,PATLV,-4.810231863922963,0.020789266936604822,1720,82735,273,287,131,ALK2,ACVR1,STK,FALSE,TKL,PPR1A_28_40,QIRRRRPTPATLV
8,T8,RRRRPTPATLV_,RRRRP,T,PATLV,-4.73616672611449,0.1199250619447634,9922,82735,272,260,102,CK1G1,CSNK1G1,STK,FALSE,CK1,PPR1A_28_40,QIRRRRPTPATLV
8,T8,RRRRPTPATLV_,RRRRP,T,PATLV,-4.71020141371867,0.12818033480389193,10605,82735,271,259,311,TLK1,TLK1,STK,FALSE,Other,PPR1A_28_40,QIRRRRPTPATLV
8,T8,RRRRPTPATLV_,RRRRP,T,PATLV,-4.685669128741647,0.14351846256118933,11874,82735,270,256,197,NEK2,NEK2,STK,FALSE,Other,PPR1A_28_40,QIRRRRPTPATLV
8,T8,RRRRPTPATLV_,RRRRP,T,PATLV,-4.537857792372233,0.11795491629902702,9759,82735,269,261,62,PLK3,PLK3,STK,FALSE,Other,PPR1A_28_40,QIRRRRPTPATLV
8,T8,RRRRPTPATLV_,RRRRP,T,PATLV,-4.410549780285805,0.04909651296307488,4062,82735,268,272,356,YSK4,MAP3K19,STK,FALSE,STE,PPR1A_28_40,QIRRRRPTPATLV
8,T8,RRRRPTPATLV_,RRRRP,T,PATLV,-4.403236539067436,0.024101045506738382,1994,82735,267,285,104,SMG1,SMG1,STK,FALSE,PIKK,PPR1A_28_40,QIRRRRPTPATLV
8,T8,RRRRPTPATLV_,RRRRP,T,PATLV,-4.381004103903706,0.3958179730464737,32748,82735,266,229,128,MST1,STK4,STK,FALSE,STE,PPR1A_28_40,QIRRRRPTPATLV
8,T8,RRRRPTPATLV_,RRRRP,T,PATLV,-4.369179524008538,0.010177071372454221,842,82735,265,293,327,TGFBR1,TGFBR1,STK,FALSE,TKL,PPR1A_28_40,QIRRRRPTPATLV
8,T8,RRRRPTPATLV_,RRRRP,T,PATLV,-4.315316734897333,0.06182389557019399,5115,82735,264,269,182,MLK1,MAP3K9,STK,FALSE,TKL,PPR1A_28_40,QIRRRRPTPATLV
8,T8,RRRRPTPATLV_,RRRRP,T,PATLV,-4.227401312874865,0.49023992264458816,40560,82735,263,216,127,RIPK2,RIPK2,STK,FALSE,TKL,PPR1A_28_40,QIRRRRPTPATLV
8,T8,RRRRPTPATLV_,RRRRP,T,PATLV,-4.193439723541877,0.3930017525835499,32515,82735,262,230,55,TAK1,MAP3K7,STK,FALSE,TKL,PPR1A_28_40,QIRRRRPTPATLV
8,T8,RRRRPTPATLV_,RRRRP,T,PATLV,-4.164441847667433,0.01966519610805584,1627,82735,261,288,285,BMPR1B,BMPR1B,STK,FALSE,TKL,PPR1A_28_40,QIRRRRPTPATLV
8,T8,RRRRPTPATLV_,RRRRP,T,PATLV,-4.163110085581012,0.0411796700308213,3407,82735,260,274,371,ACVR2A,ACVR2A,STK,FALSE,TKL,PPR1A_28_40,QIRRRRPTPATLV
8,T8,RRRRPTPATLV_,RRRRP,T,PATLV,-4.160259317749969,0.06265788360427872,5184,82735,259,268,8,TBK1,TBK1,STK,FALSE,Other,PPR1A_28_40,QIRRRRPTPATLV
8,T8,RRRRPTPATLV_,RRRRP,T,PATLV,-3.9727897839003448,0.1301142201003203,10765,82735,258,258,75,BRAF,BRAF,STK,TRUE,TKL,PPR1A_28_40,QIRRRRPTPATLV
8,T8,RRRRPTPATLV_,RRRRP,T,PATLV,-3.940355369747581,0.04422553937269596,3659,82735,257,273,259,COT,MAP3K8,STK,FALSE,STE,PPR1A_28_40,QIRRRRPTPATLV
8,T8,RRRRPTPATLV_,RRRRP,T,PATLV,-3.915797514639935,0.19163594609294737,15855,82735,256,253,150,PERK,EIF2AK3,STK,FALSE,Other,PPR1A_28_40,QIRRRRPTPATLV
8,T8,RRRRPTPATLV_,RRRRP,T,PATLV,-3.9040670907447628,0.22156282105517616,18331,82735,255,248,2,ZAK,MAP3K20,STK,FALSE,TKL,PPR1A_28_40,QIRRRRPTPATLV
8,T8,RRRRPTPATLV_,RRRRP,T,PATLV,-3.8294692991681454,0.43755363510001816,36201,82735,254,225,199,NEK3,NEK3,STK,FALSE,Other,PPR1A_28_40,QIRRRRPTPATLV
8,T8,RRRRPTPATLV_,RRRRP,T,PATLV,-3.749094582458253,0.4149271771318064,34329,82735,253,227,240,IRAK1,IRAK1,STK,FALSE,TKL,PPR1A_28_40,QIRRRRPTPATLV
8,T8,RRRRPTPATLV_,RRRRP,T,PATLV,-3.718580897865402,0.4874841360971777,40332,82735,252,217,95,MINK,MINK1,STK,FALSE,STE,PPR1A_28_40,QIRRRRPTPATLV
8,T8,RRRRPTPATLV_,RRRRP,T,PATLV,-3.6915740255707603,0.44556717229709314,36864,82735,251,223,308,EEF2K,EEF2K,STK,FALSE,Alpha,PPR1A_28_40,QIRRRRPTPATLV
8,T8,RRRRPTPATLV_,RRRRP,T,PATLV,-3.6678565649303043,0.21053967486553454,17419,82735,250,250,96,HRI,EIF2AK1,STK,FALSE,Other,PPR1A_28_40,QIRRRRPTPATLV
8,T8,RRRRPTPATLV_,RRRRP,T,PATLV,-3.6071833311270085,0.25951531999758265,21471,82735,249,244,255,NEK5,NEK5,STK,FALSE,Other,PPR1A_28_40,QIRRRRPTPATLV
8,T8,RRRRPTPATLV_,RRRRP,T,PATLV,-3.6002186535250886,0.34521061219556415,28561,82735,248,233,153,CAMKK2,CAMKK2,STK,FALSE,Other,PPR1A_28_40,QIRRRRPTPATLV
8,T8,RRRRPTPATLV_,RRRRP,T,PATLV,-3.5974319059885222,0.24539795733365566,20303,82735,247,245,52,TTBK2,TTBK2,STK,FALSE,CK1,PPR1A_28_40,QIRRRRPTPATLV
8,T8,RRRRPTPATLV_,RRRRP,T,PATLV,-3.5512274497266163,0.11770109385387079,9738,82735,246,262,183,MLK2,MAP3K10,STK,FALSE,TKL,PPR1A_28_40,QIRRRRPTPATLV
8,T8,RRRRPTPATLV_,RRRRP,T,PATLV,-3.5323338467123704,0.4378920650268931,36229,82735,245,224,254,NEK4,NEK4,STK,FALSE,Other,PPR1A_28_40,QIRRRRPTPATLV
8,T8,RRRRPTPATLV_,RRRRP,T,PATLV,-3.4932578523749527,0.16655587115489212,13780,82735,244,254,191,CHAK2,TRPM6,STK,FALSE,Alpha,PPR1A_28_40,QIRRRRPTPATLV
8,T8,RRRRPTPATLV_,RRRRP,T,PATLV,-3.221789843847041,0.7429987308877742,61472,82735,243,188,337,MYO3A,MYO3A,STK,FALSE,STE,PPR1A_28_40,QIRRRRPTPATLV
8,T8,RRRRPTPATLV_,RRRRP,T,PATLV,-3.1972995143699183,0.2245119961322294,18575,82735,242,247,110,CK1G3,CSNK1G3,STK,FALSE,CK1,PPR1A_28_40,QIRRRRPTPATLV
8,T8,RRRRPTPATLV_,RRRRP,T,PATLV,-3.1931882351017804,0.37243004774279326,30813,82735,241,231,125,RIPK3,RIPK3,STK,FALSE,TKL,PPR1A_28_40,QIRRRRPTPATLV
8,T8,RRRRPTPATLV_,RRRRP,T,PATLV,-3.1100899918129454,0.525521242521303,43479,82735,240,214,237,STK33,STK33,STK,FALSE,CAMK,PPR1A_28_40,QIRRRRPTPATLV
8,T8,RRRRPTPATLV_,RRRRP,T,PATLV,-3.084589139492608,0.15612497733728167,12917,82735,239,255,235,GRK1,GRK1,STK,FALSE,AGC,PPR1A_28_40,QIRRRRPTPATLV
8,T8,RRRRPTPATLV_,RRRRP,T,PATLV,-3.0175375943639224,0.2033963860518523,16828,82735,238,252,91,ATM,ATM,STK,FALSE,PIKK,PPR1A_28_40,QIRRRRPTPATLV
8,T8,RRRRPTPATLV_,RRRRP,T,PATLV,-3.017397577143426,0.6689671843838763,55347,82735,237,200,178,MEK2,MAP2K2,STK,TRUE,STE,PPR1A_28_40,QIRRRRPTPATLV
8,T8,RRRRPTPATLV_,RRRRP,T,PATLV,-2.9990706470867323,0.3055055297032695,25276,82735,236,237,68,MEKK3,MAP3K3,STK,FALSE,STE,PPR1A_28_40,QIRRRRPTPATLV
8,T8,RRRRPTPATLV_,RRRRP,T,PATLV,-2.970495989416206,0.5764912068652928,47696,82735,235,211,196,NEK1,NEK1,STK,FALSE,Other,PPR1A_28_40,QIRRRRPTPATLV
8,T8,RRRRPTPATLV_,RRRRP,T,PATLV,-2.9109040080932838,0.2815132652444552,23291,82735,234,240,108,CK1G2,CSNK1G2,STK,FALSE,CK1,PPR1A_28_40,QIRRRRPTPATLV
8,T8,RRRRPTPATLV_,RRRRP,T,PATLV,-2.910621852390569,0.03726355230555388,3083,82735,233,276,313,PDHK1,PDK1,STK,FALSE,PDHK,PPR1A_28_40,QIRRRRPTPATLV
8,T8,RRRRPTPATLV_,RRRRP,T,PATLV,-2.795532272793893,0.03482202211881308,2881,82735,232,278,366,CAMK2G,CAMK2G,STK,FALSE,CAMK,PPR1A_28_40,QIRRRRPTPATLV
8,T8,RRRRPTPATLV_,RRRRP,T,PATLV,-2.6898432476987244,0.46699703873813986,38637,82735,231,221,193,CHAK1,TRPM7,STK,FALSE,Alpha,PPR1A_28_40,QIRRRRPTPATLV
8,T8,RRRRPTPATLV_,RRRRP,T,PATLV,-2.6352138788516632,0.4760862996313531,39389,82735,230,219,245,IRE1,ERN1,STK,FALSE,Other,PPR1A_28_40,QIRRRRPTPATLV
8,T8,RRRRPTPATLV_,RRRRP,T,PATLV,-2.5882068640143134,0.26663443524505953,22060,82735,229,242,118,ANKRD3,RIPK4,STK,FALSE,TKL,PPR1A_28_40,QIRRRRPTPATLV
8,T8,RRRRPTPATLV_,RRRRP,T,PATLV,-2.4915987691341033,0.2280292500151085,18866,82735,228,246,244,GRK6,GRK6,STK,FALSE,AGC,PPR1A_28_40,QIRRRRPTPATLV
8,T8,RRRRPTPATLV_,RRRRP,T,PATLV,-2.467606615121306,0.819508067927721,67802,82735,227,162,355,TTK,TTK,STK,FALSE,Other,PPR1A_28_40,QIRRRRPTPATLV
8,T8,RRRRPTPATLV_,RRRRP,T,PATLV,-2.4226225056060637,0.4031183900404907,33352,82735,226,228,134,KIS,UHMK1,STK,FALSE,Other,PPR1A_28_40,QIRRRRPTPATLV
8,T8,RRRRPTPATLV_,RRRRP,T,PATLV,-2.4200432218401877,0.48610624282347253,40218,82735,225,218,71,MEKK2,MAP3K2,STK,FALSE,STE,PPR1A_28_40,QIRRRRPTPATLV
8,T8,RRRRPTPATLV_,RRRRP,T,PATLV,-2.4042629415367456,0.6128240768719405,50702,82735,224,208,252,NEK8,NEK8,STK,FALSE,Other,PPR1A_28_40,QIRRRRPTPATLV
8,T8,RRRRPTPATLV_,RRRRP,T,PATLV,-2.401939237836956,0.7554843778328398,62505,82735,223,185,354,YSK1,STK25,STK,FALSE,STE,PPR1A_28_40,QIRRRRPTPATLV
8,T8,RRRRPTPATLV_,RRRRP,T,PATLV,-2.369665741244915,0.06997038738139844,5789,82735,222,265,239,GRK5,GRK5,STK,FALSE,AGC,PPR1A_28_40,QIRRRRPTPATLV
8,T8,RRRRPTPATLV_,RRRRP,T,PATLV,-2.3169615561390606,0.20481053967486554,16945,82735,221,251,223,RAF1,RAF1,STK,TRUE,TKL,PPR1A_28_40,QIRRRRPTPATLV
8,T8,RRRRPTPATLV_,RRRRP,T,PATLV,-2.3155338276431827,0.8186378195443282,67730,82735,220,163,334,MYO3B,MYO3B,STK,FALSE,STE,PPR1A_28_40,QIRRRRPTPATLV
8,T8,RRRRPTPATLV_,RRRRP,T,PATLV,-2.306117161414031,0.4682903245301263,38744,82735,219,220,328,TGFBR2,TGFBR2,STK,FALSE,TKL,PPR1A_28_40,QIRRRRPTPATLV
8,T8,RRRRPTPATLV_,RRRRP,T,PATLV,-2.302491869260685,0.6869644044237626,56836,82735,218,195,213,HGK,MAP4K4,STK,FALSE,STE,PPR1A_28_40,QIRRRRPTPATLV
8,T8,RRRRPTPATLV_,RRRRP,T,PATLV,-2.272720581641892,0.6332386535323624,52391,82735,217,205,181,NEK11,NEK11,STK,FALSE,Other,PPR1A_28_40,QIRRRRPTPATLV
8,T8,RRRRPTPATLV_,RRRRP,T,PATLV,-2.1450598849269435,0.06667069559436756,5516,82735,216,267,312,PDHK4,PDK4,STK,FALSE,PDHK,PPR1A_28_40,QIRRRRPTPATLV
8,T8,RRRRPTPATLV_,RRRRP,T,PATLV,-2.122358508807433,0.8292983622408896,68612,82735,215,159,148,TAO1,TAOK1,STK,FALSE,STE,PPR1A_28_40,QIRRRRPTPATLV
8,T8,RRRRPTPATLV_,RRRRP,T,PATLV,-2.0454752133701968,0.5769988517556053,47738,82735,214,210,67,MEKK1,MAP3K1,STK,FALSE,STE,PPR1A_28_40,QIRRRRPTPATLV
8,T8,RRRRPTPATLV_,RRRRP,T,PATLV,-1.8997544519982121,0.3091073910678673,25574,82735,213,236,76,CDC7,CDC7,STK,FALSE,Other,PPR1A_28_40,QIRRRRPTPATLV
8,T8,RRRRPTPATLV_,RRRRP,T,PATLV,-1.8944246214029326,0.8821901250982052,72988,82735,212,146,165,ASK1,MAP3K5,STK,FALSE,STE,PPR1A_28_40,QIRRRRPTPATLV
8,T8,RRRRPTPATLV_,RRRRP,T,PATLV,-1.8429572734105089,0.6721097479905723,55607,82735,211,197,357,LKB1,STK11,STK,FALSE,CAMK,PPR1A_28_40,QIRRRRPTPATLV
8,T8,RRRRPTPATLV_,RRRRP,T,PATLV,-1.8186096183632687,0.552329727443041,45697,82735,210,212,247,RIPK1,RIPK1,STK,FALSE,TKL,PPR1A_28_40,QIRRRRPTPATLV
8,T8,RRRRPTPATLV_,RRRRP,T,PATLV,-1.816636335298011,0.8565661449205294,70868,82735,209,152,210,VRK1,VRK1,STK,FALSE,CK1,PPR1A_28_40,QIRRRRPTPATLV
8,T8,RRRRPTPATLV_,RRRRP,T,PATLV,-1.8055902142934315,0.26279083821840815,21742,82735,208,243,105,CK1E,CSNK1E,STK,FALSE,CK1,PPR1A_28_40,QIRRRRPTPATLV
8,T8,RRRRPTPATLV_,RRRRP,T,PATLV,-1.7975859522576485,0.7591587598960536,62809,82735,207,184,222,TNIK,TNIK,STK,FALSE,STE,PPR1A_28_40,QIRRRRPTPATLV
8,T8,RRRRPTPATLV_,RRRRP,T,PATLV,-1.7830020362986845,7.735541185713423e-4,64,82735,206,303,298,BMPR2,BMPR2,STK,FALSE,TKL,PPR1A_28_40,QIRRRRPTPATLV
8,T8,RRRRPTPATLV_,RRRRP,T,PATLV,-1.7546773508857065,0.3196470659334018,26446,82735,205,234,143,DLK,MAP3K12,STK,FALSE,TKL,PPR1A_28_40,QIRRRRPTPATLV
8,T8,RRRRPTPATLV_,RRRRP,T,PATLV,-1.6374732241890273,0.31692753973529947,26221,82735,204,235,129,ALK4,ACVR1B,STK,FALSE,TKL,PPR1A_28_40,QIRRRRPTPATLV
8,T8,RRRRPTPATLV_,RRRRP,T,PATLV,-1.5859933276518934,0.2892004592977579,23927,82735,203,239,372,MTOR,MTOR,STK,FALSE,PIKK,PPR1A_28_40,QIRRRRPTPATLV
8,T8,RRRRPTPATLV_,RRRRP,T,PATLV,-1.584013204382996,0.49230676255514594,40731,82735,202,215,375,PINK1,PINK1,STK,FALSE,Other,PPR1A_28_40,QIRRRRPTPATLV
8,T8,RRRRPTPATLV_,RRRRP,T,PATLV,-1.5758561456471194,0.5436755907415242,44981,82735,201,213,347,CAMK2B,CAMK2B,STK,FALSE,CAMK,PPR1A_28_40,QIRRRRPTPATLV
8,T8,RRRRPTPATLV_,RRRRP,T,PATLV,-1.5558201134993568,0.6874237021816644,56874,82735,200,194,241,IRE2,ERN2,STK,FALSE,Other,PPR1A_28_40,QIRRRRPTPATLV
8,T8,RRRRPTPATLV_,RRRRP,T,PATLV,-1.5486199850462083,0.6068773795854233,50210,82735,199,209,124,MST4,STK26,STK,FALSE,STE,PPR1A_28_40,QIRRRRPTPATLV
8,T8,RRRRPTPATLV_,RRRRP,T,PATLV,-1.5242287184301284,0.8134284160270744,67299,82735,198,165,270,MAP3K15,MAP3K15,STK,FALSE,STE,PPR1A_28_40,QIRRRRPTPATLV
8,T8,RRRRPTPATLV_,RRRRP,T,PATLV,-1.446101349921146,0.6207288330210914,51356,82735,197,207,336,PKR,EIF2AK2,STK,FALSE,Other,PPR1A_28_40,QIRRRRPTPATLV
8,T8,RRRRPTPATLV_,RRRRP,T,PATLV,-1.3941518732935627,0.8012932857919864,66295,82735,196,170,168,GCK,MAP4K2,STK,FALSE,STE,PPR1A_28_40,QIRRRRPTPATLV
8,T8,RRRRPTPATLV_,RRRRP,T,PATLV,-1.3700780599736961,0.8284039402912915,68538,82735,195,160,194,SLK,SLK,STK,FALSE,STE,PPR1A_28_40,QIRRRRPTPATLV
8,T8,RRRRPTPATLV_,RRRRP,T,PATLV,-1.3529903656661817,0.7082008823351665,58593,82735,194,192,324,IRAK4,IRAK4,STK,FALSE,TKL,PPR1A_28_40,QIRRRRPTPATLV
8,T8,RRRRPTPATLV_,RRRRP,T,PATLV,-1.3240150630859904,0.6921133740255031,57262,82735,193,193,156,TAO3,TAOK3,STK,FALSE,STE,PPR1A_28_40,QIRRRRPTPATLV
8,T8,RRRRPTPATLV_,RRRRP,T,PATLV,-1.276509128766958,0.6702725569589654,55455,82735,192,199,14,DRAK1,STK17A,STK,FALSE,CAMK,PPR1A_28_40,QIRRRRPTPATLV
8,T8,RRRRPTPATLV_,RRRRP,T,PATLV,-1.1926205575727282,0.8336133438085453,68969,82735,191,158,376,SNRK,SNRK,STK,FALSE,CAMK,PPR1A_28_40,QIRRRRPTPATLV
8,T8,RRRRPTPATLV_,RRRRP,T,PATLV,-1.1333764718695662,0.6424729558228077,53155,82735,190,204,154,DNAPK,PRKDC,STK,FALSE,PIKK,PPR1A_28_40,QIRRRRPTPATLV
8,T8,RRRRPTPATLV_,RRRRP,T,PATLV,-1.0062531368268697,0.6292137547591709,52058,82735,189,206,348,CAMK2D,CAMK2D,STK,FALSE,CAMK,PPR1A_28_40,QIRRRRPTPATLV
8,T8,RRRRPTPATLV_,RRRRP,T,PATLV,-0.9001861896169829,0.3004774279325558,24860,82735,188,238,171,MOS,MOS,STK,FALSE,Other,PPR1A_28_40,QIRRRRPTPATLV
8,T8,RRRRPTPATLV_,RRRRP,T,PATLV,-0.8378434889792842,0.7468423279144256,61790,82735,187,186,88,WNK3,WNK3,STK,FALSE,Other,PPR1A_28_40,QIRRRRPTPATLV
8,T8,RRRRPTPATLV_,RRRRP,T,PATLV,-0.8141907075826725,0.837033903426603,69252,82735,186,157,176,MEK1,MAP2K1,STK,TRUE,STE,PPR1A_28_40,QIRRRRPTPATLV
8,T8,RRRRPTPATLV_,RRRRP,T,PATLV,-0.8050553063302979,0.11438931528373723,9464,82735,185,263,246,PRPK,TP53RK,STK,FALSE,Other,PPR1A_28_40,QIRRRRPTPATLV
8,T8,RRRRPTPATLV_,RRRRP,T,PATLV,-0.7885599233009615,0.4553695533933644,37675,82735,184,222,243,GRK7,GRK7,STK,FALSE,AGC,PPR1A_28_40,QIRRRRPTPATLV
8,T8,RRRRPTPATLV_,RRRRP,T,PATLV,-0.7883034258160108,0.7725750891400254,63919,82735,183,179,320,HUNK,HUNK,STK,FALSE,CAMK,PPR1A_28_40,QIRRRRPTPATLV
8,T8,RRRRPTPATLV_,RRRRP,T,PATLV,-0.7040991539711001,0.21682480207892668,17939,82735,182,249,107,CK1D,CSNK1D,STK,FALSE,CK1,PPR1A_28_40,QIRRRRPTPATLV
8,T8,RRRRPTPATLV_,RRRRP,T,PATLV,-0.6768637979549869,0.9001148244394754,74471,82735,181,139,157,TAO2,TAOK2,STK,FALSE,STE,PPR1A_28_40,QIRRRRPTPATLV
8,T8,RRRRPTPATLV_,RRRRP,T,PATLV,-0.6360492548221274,0.7884933824862513,65236,82735,180,174,111,MNK2,MKNK2,STK,FALSE,CAMK,PPR1A_28_40,QIRRRRPTPATLV
8,T8,RRRRPTPATLV_,RRRRP,T,PATLV,-0.5636310809980067,0.8009427690820088,66266,82735,179,171,185,YANK2,STK32B,STK,FALSE,AGC,PPR1A_28_40,QIRRRRPTPATLV
8,T8,RRRRPTPATLV_,RRRRP,T,PATLV,-0.5393634317726559,0.6581495135069801,54452,82735,178,203,236,GRK3,GRK3,STK,FALSE,AGC,PPR1A_28_40,QIRRRRPTPATLV
8,T8,RRRRPTPATLV_,RRRRP,T,PATLV,-0.5041694923709598,0.8033480389194416,66465,82735,177,168,325,MASTL,MASTL,STK,FALSE,AGC,PPR1A_28_40,QIRRRRPTPATLV
8,T8,RRRRPTPATLV_,RRRRP,T,PATLV,-0.439924072961139,0.7453919139421044,61670,82735,176,187,117,ERK7,MAPK15,STK,FALSE,CMGC,PPR1A_28_40,QIRRRRPTPATLV
8,T8,RRRRPTPATLV_,RRRRP,T,PATLV,-0.31611058750976556,0.9198041941137366,76100,82735,175,131,77,HPK1,MAP4K1,STK,FALSE,STE,PPR1A_28_40,QIRRRRPTPATLV
8,T8,RRRRPTPATLV_,RRRRP,T,PATLV,-0.2961069410560114,0.8512479603553514,70428,82735,174,153,221,MAPKAPK5,MAPKAPK5,STK,FALSE,CAMK,PPR1A_28_40,QIRRRRPTPATLV
8,T8,RRRRPTPATLV_,RRRRP,T,PATLV,-0.28456355929834953,0.6682057170484076,55284,82735,173,201,278,CDK2,CDK2,STK,FALSE,CMGC,PPR1A_28_40,QIRRRRPTPATLV
8,T8,RRRRPTPATLV_,RRRRP,T,PATLV,-0.24584556582053496,0.7624342781168791,63080,82735,172,182,220,MAPKAPK2,MAPKAPK2,STK,FALSE,CAMK,PPR1A_28_40,QIRRRRPTPATLV
8,T8,RRRRPTPATLV_,RRRRP,T,PATLV,-0.23041766786994872,0.9314679398078202,77065,82735,171,122,65,MEKK6,MAP3K6,STK,FALSE,STE,PPR1A_28_40,QIRRRRPTPATLV
8,T8,RRRRPTPATLV_,RRRRP,T,PATLV,-0.09820214736168262,0.9644044237626156,79790,82735,170,102,146,MEK5,MAP2K5,STK,TRUE,STE,PPR1A_28_40,QIRRRRPTPATLV
8,T8,RRRRPTPATLV_,RRRRP,T,PATLV,-0.09365248893677786,0.9276606031304768,76750,82735,169,125,99,KHS2,MAP4K3,STK,FALSE,STE,PPR1A_28_40,QIRRRRPTPATLV
8,T8,RRRRPTPATLV_,RRRRP,T,PATLV,-0.06638826145632204,0.9584335529098931,79296,82735,168,107,382,BIKE,BMP2K,STK,FALSE,Other,PPR1A_28_40,QIRRRRPTPATLV
8,T8,RRRRPTPATLV_,RRRRP,T,PATLV,-0.04082218785711615,0.6827823774702363,56490,82735,167,196,64,CDK19,CDK19,STK,FALSE,CMGC,PPR1A_28_40,QIRRRRPTPATLV
8,T8,RRRRPTPATLV_,RRRRP,T,PATLV,-0.022217348069076756,0.6709735903789207,55513,82735,166,198,268,CDK8,CDK8,STK,FALSE,CMGC,PPR1A_28_40,QIRRRRPTPATLV
8,T8,RRRRPTPATLV_,RRRRP,T,PATLV,-0.005324731864669335,0.9017344533752342,74605,82735,165,138,360,PHKG2,PHKG2,STK,FALSE,CAMK,PPR1A_28_40,QIRRRRPTPATLV
8,T8,RRRRPTPATLV_,RRRRP,T,PATLV,0.030084522575302475,0.9354565782317036,77395,82735,164,121,89,KHS1,MAP4K5,STK,FALSE,STE,PPR1A_28_40,QIRRRRPTPATLV
8,T8,RRRRPTPATLV_,RRRRP,T,PATLV,0.06830789447710195,0.905783525714631,74940,82735,163,137,123,MST3,STK24,STK,FALSE,STE,PPR1A_28_40,QIRRRRPTPATLV
8,T8,RRRRPTPATLV_,RRRRP,T,PATLV,0.07457183865178063,0.8653169758868677,71592,82735,162,149,346,PKCB,PRKCB,STK,FALSE,AGC,PPR1A_28_40,QIRRRRPTPATLV
8,T8,RRRRPTPATLV_,RRRRP,T,PATLV,0.08388174237128734,0.7091799117664833,58674,82735,161,191,231,PRP4,PRPF4B,STK,FALSE,CMGC,PPR1A_28_40,QIRRRRPTPATLV
8,T8,RRRRPTPATLV_,RRRRP,T,PATLV,0.18419609038651563,0.784275095183417,64887,82735,160,176,238,GRK2,GRK2,STK,FALSE,AGC,PPR1A_28_40,QIRRRRPTPATLV
8,T8,RRRRPTPATLV_,RRRRP,T,PATLV,0.2523690884754572,0.8902882697769988,73658,82735,159,142,359,PHKG1,PHKG1,STK,FALSE,CAMK,PPR1A_28_40,QIRRRRPTPATLV
8,T8,RRRRPTPATLV_,RRRRP,T,PATLV,0.26654963492795714,0.9473741463709434,78381,82735,158,117,209,LOK,STK10,STK,FALSE,STE,PPR1A_28_40,QIRRRRPTPATLV
8,T8,RRRRPTPATLV_,RRRRP,T,PATLV,0.3255060126772145,0.9634374811144014,79710,82735,157,103,211,VRK2,VRK2,STK,FALSE,CK1,PPR1A_28_40,QIRRRRPTPATLV
8,T8,RRRRPTPATLV_,RRRRP,T,PATLV,0.33583021720988415,0.6635885659031848,54902,82735,156,202,115,ERK5,MAPK7,STK,FALSE,CMGC,PPR1A_28_40,QIRRRRPTPATLV
8,T8,RRRRPTPATLV_,RRRRP,T,PATLV,0.3746856168931837,0.8885840333595214,73517,82735,155,143,341,PKCG,PRKCG,STK,FALSE,AGC,PPR1A_28_40,QIRRRRPTPATLV
8,T8,RRRRPTPATLV_,RRRRP,T,PATLV,0.4513535272326069,0.8497491992506194,70304,82735,154,154,87,WNK1,WNK1,STK,FALSE,Other,PPR1A_28_40,QIRRRRPTPATLV
8,T8,RRRRPTPATLV_,RRRRP,T,PATLV,0.48359965424910967,0.8050281017707137,66604,82735,153,166,43,PRKD1,PRKD1,STK,FALSE,CAMK,PPR1A_28_40,QIRRRRPTPATLV
8,T8,RRRRPTPATLV_,RRRRP,T,PATLV,0.5167249884648188,0.8864204991841421,73338,82735,152,145,343,PKCA,PRKCA,STK,FALSE,AGC,PPR1A_28_40,QIRRRRPTPATLV
8,T8,RRRRPTPATLV_,RRRRP,T,PATLV,0.5631417810673629,0.9203964464857678,76149,82735,151,129,56,NIM1,NIM1K,STK,FALSE,CAMK,PPR1A_28_40,QIRRRRPTPATLV
8,T8,RRRRPTPATLV_,RRRRP,T,PATLV,0.6247285335988677,0.8475614915090349,70123,82735,150,155,217,MAPKAPK3,MAPKAPK3,STK,FALSE,CAMK,PPR1A_28_40,QIRRRRPTPATLV
8,T8,RRRRPTPATLV_,RRRRP,T,PATLV,0.6437908486344253,0.9192602888741161,76055,82735,149,132,48,WNK4,WNK4,STK,FALSE,Other,PPR1A_28_40,QIRRRRPTPATLV
8,T8,RRRRPTPATLV_,RRRRP,T,PATLV,0.6502429153707,0.8810056203541428,72890,82735,148,147,333,LATS2,LATS2,STK,FALSE,AGC,PPR1A_28_40,QIRRRRPTPATLV
8,T8,RRRRPTPATLV_,RRRRP,T,PATLV,0.6632469178161698,0.8935637879978244,73929,82735,147,140,309,PKCZ,PRKCZ,STK,FALSE,AGC,PPR1A_28_40,QIRRRRPTPATLV
8,T8,RRRRPTPATLV_,RRRRP,T,PATLV,0.8244781522601226,0.9225599806611471,76328,82735,146,128,301,PKCH,PRKCH,STK,FALSE,AGC,PPR1A_28_40,QIRRRRPTPATLV
8,T8,RRRRPTPATLV_,RRRRP,T,PATLV,0.859183924956512,0.8208497008521182,67913,82735,145,161,353,CAMK2A,CAMK2A,STK,FALSE,CAMK,PPR1A_28_40,QIRRRRPTPATLV
8,T8,RRRRPTPATLV_,RRRRP,T,PATLV,0.8800122671567844,0.9389375717652747,77683,82735,144,118,97,ATR,ATR,STK,FALSE,PIKK,PPR1A_28_40,QIRRRRPTPATLV
8,T8,RRRRPTPATLV_,RRRRP,T,PATLV,0.9446784513967301,0.9258475856650752,76600,82735,143,126,306,PKCT,PRKCQ,STK,FALSE,AGC,PPR1A_28_40,QIRRRRPTPATLV
8,T8,RRRRPTPATLV_,RRRRP,T,PATLV,1.1187985160789657,0.9905360488306038,81952,82735,142,57,303,LRRK2,LRRK2,STK,FALSE,TKL,PPR1A_28_40,QIRRRRPTPATLV
8,T8,RRRRPTPATLV_,RRRRP,T,PATLV,1.135746486607549,0.9134586329848311,75575,82735,141,136,175,CAMK4,CAMK4,STK,FALSE,CAMK,PPR1A_28_40,QIRRRRPTPATLV
8,T8,RRRRPTPATLV_,RRRRP,T,PATLV,1.1529709190509032,0.9149694808726657,75700,82735,140,134,340,PKCD,PRKCD,STK,FALSE,AGC,PPR1A_28_40,QIRRRRPTPATLV
8,T8,RRRRPTPATLV_,RRRRP,T,PATLV,1.2607532167168993,0.9368465582885115,77510,82735,139,120,232,CK1A2,CSNK1A1L,STK,FALSE,CK1,PPR1A_28_40,QIRRRRPTPATLV
8,T8,RRRRPTPATLV_,RRRRP,T,PATLV,1.2858819818513194,0.9277814709615035,76760,82735,138,124,177,PKN2,PKN2,STK,FALSE,AGC,PPR1A_28_40,QIRRRRPTPATLV
8,T8,RRRRPTPATLV_,RRRRP,T,PATLV,1.29826006404505,0.9880703450776576,81748,82735,137,64,132,GAK,GAK,STK,FALSE,Other,PPR1A_28_40,QIRRRRPTPATLV
8,T8,RRRRPTPATLV_,RRRRP,T,PATLV,1.2988277016550167,0.9202272315223303,76135,82735,136,130,225,TSSK2,TSSK2,STK,FALSE,CAMK,PPR1A_28_40,QIRRRRPTPATLV
8,T8,RRRRPTPATLV_,RRRRP,T,PATLV,1.3151947281997771,0.7170846679156343,59328,82735,135,190,5,P38D,MAPK13,STK,FALSE,CMGC,PPR1A_28_40,QIRRRRPTPATLV
8,T8,RRRRPTPATLV_,RRRRP,T,PATLV,1.3779912390504054,0.9228742370218166,76354,82735,134,127,86,CHK1,CHEK1,STK,FALSE,CAMK,PPR1A_28_40,QIRRRRPTPATLV
8,T8,RRRRPTPATLV_,RRRRP,T,PATLV,1.431744406274579,0.9523539010092464,78793,82735,133,115,230,BRSK2,BRSK2,STK,FALSE,CAMK,PPR1A_28_40,QIRRRRPTPATLV
8,T8,RRRRPTPATLV_,RRRRP,T,PATLV,1.4339393731123944,0.974799057230918,80650,82735,132,88,31,HASPIN,HASPIN,STK,FALSE,Other,PPR1A_28_40,QIRRRRPTPATLV
8,T8,RRRRPTPATLV_,RRRRP,T,PATLV,1.4644525942116173,0.9821961684897564,81262,82735,131,77,280,AAK1,AAK1,STK,FALSE,Other,PPR1A_28_40,QIRRRRPTPATLV
8,T8,RRRRPTPATLV_,RRRRP,T,PATLV,1.4853898668167027,0.7335831268507886,60693,82735,130,189,281,CDK1,CDK1,STK,FALSE,CMGC,PPR1A_28_40,QIRRRRPTPATLV
8,T8,RRRRPTPATLV_,RRRRP,T,PATLV,1.501650721935489,0.9526560705868133,78818,82735,129,113,365,BUB1,BUB1,STK,FALSE,Other,PPR1A_28_40,QIRRRRPTPATLV
8,T8,RRRRPTPATLV_,RRRRP,T,PATLV,1.6245075174572696,0.9524505952740678,78801,82735,128,114,248,MARK4,MARK4,STK,FALSE,CAMK,PPR1A_28_40,QIRRRRPTPATLV
8,T8,RRRRPTPATLV_,RRRRP,T,PATLV,1.6521664421999516,0.7613343808545355,62989,82735,127,183,93,CDK13,CDK13,STK,FALSE,CMGC,PPR1A_28_40,QIRRRRPTPATLV
8,T8,RRRRPTPATLV_,RRRRP,T,PATLV,1.661363602935952,0.9614552486855623,79546,82735,126,104,295,GSK3B,GSK3B,STK,FALSE,CMGC,PPR1A_28_40,QIRRRRPTPATLV
8,T8,RRRRPTPATLV_,RRRRP,T,PATLV,1.686402458313325,0.9539977035112105,78929,82735,125,111,33,MPSK1,STK16,STK,FALSE,Other,PPR1A_28_40,QIRRRRPTPATLV
8,T8,RRRRPTPATLV_,RRRRP,T,PATLV,1.8248411102380968,0.9644285973288209,79792,82735,124,101,300,PKCI,PRKCI,STK,FALSE,AGC,PPR1A_28_40,QIRRRRPTPATLV
8,T8,RRRRPTPATLV_,RRRRP,T,PATLV,1.841264125670369,0.7890735480751798,65284,82735,123,173,276,CDK3,CDK3,STK,FALSE,CMGC,PPR1A_28_40,QIRRRRPTPATLV
8,T8,RRRRPTPATLV_,RRRRP,T,PATLV,1.8919842367276107,0.7721883120807397,63887,82735,122,180,61,CDK18,CDK18,STK,FALSE,CMGC,PPR1A_28_40,QIRRRRPTPATLV
8,T8,RRRRPTPATLV_,RRRRP,T,PATLV,1.9101883531197108,0.914510183114764,75662,82735,121,135,41,PRKD2,PRKD2,STK,FALSE,CAMK,PPR1A_28_40,QIRRRRPTPATLV
8,T8,RRRRPTPATLV_,RRRRP,T,PATLV,1.9680404226999881,0.9574907838278842,79218,82735,120,109,53,NUAK1,NUAK1,STK,FALSE,CAMK,PPR1A_28_40,QIRRRRPTPATLV
8,T8,RRRRPTPATLV_,RRRRP,T,PATLV,2.031464421847149,0.9382727986946274,77628,82735,119,119,82,NDR2,STK38L,STK,FALSE,AGC,PPR1A_28_40,QIRRRRPTPATLV
8,T8,RRRRPTPATLV_,RRRRP,T,PATLV,2.1347521050299454,0.801909711730223,66346,82735,118,169,273,CDK5,CDK5,STK,FALSE,CMGC,PPR1A_28_40,QIRRRRPTPATLV
8,T8,RRRRPTPATLV_,RRRRP,T,PATLV,2.1552531459247786,0.7673777724058741,63489,82735,117,181,113,ERK1,MAPK3,STK,FALSE,CMGC,PPR1A_28_40,QIRRRRPTPATLV
8,T8,RRRRPTPATLV_,RRRRP,T,PATLV,2.1661056205039677,0.9611893394573034,79524,82735,116,105,145,PKN3,PKN3,STK,FALSE,AGC,PPR1A_28_40,QIRRRRPTPATLV
8,T8,RRRRPTPATLV_,RRRRP,T,PATLV,2.203437317843384,0.8050281017707137,66604,82735,115,167,98,CDK16,CDK16,STK,FALSE,CMGC,PPR1A_28_40,QIRRRRPTPATLV
8,T8,RRRRPTPATLV_,RRRRP,T,PATLV,2.2122058520108068,0.9647428536894905,79818,82735,114,100,192,DCAMKL2,DCLK2,STK,FALSE,CAMK,PPR1A_28_40,QIRRRRPTPATLV
8,T8,RRRRPTPATLV_,RRRRP,T,PATLV,2.2169679444760386,0.953417537922282,78881,82735,113,112,216,MELK,MELK,STK,FALSE,CAMK,PPR1A_28_40,QIRRRRPTPATLV
8,T8,RRRRPTPATLV_,RRRRP,T,PATLV,2.2292178219536942,0.9669305614310751,79999,82735,112,96,250,MARK2,MARK2,STK,FALSE,CAMK,PPR1A_28_40,QIRRRRPTPATLV
8,T8,RRRRPTPATLV_,RRRRP,T,PATLV,2.2368319802043692,0.9692874841360972,80194,82735,111,93,251,MARK1,MARK1,STK,FALSE,CAMK,PPR1A_28_40,QIRRRRPTPATLV
8,T8,RRRRPTPATLV_,RRRRP,T,PATLV,2.2696944487586586,0.9949235510968756,82315,82735,110,45,17,PDK1,PDPK1,STK,FALSE,AGC,PPR1A_28_40,QIRRRRPTPATLV
8,T8,RRRRPTPATLV_,RRRRP,T,PATLV,2.274120908433731,0.9692512237867892,80191,82735,109,94,249,MARK3,MARK3,STK,FALSE,CAMK,PPR1A_28_40,QIRRRRPTPATLV
8,T8,RRRRPTPATLV_,RRRRP,T,PATLV,2.286531409663801,0.8590439354565782,71073,82735,108,151,297,GSK3A,GSK3A,STK,FALSE,CMGC,PPR1A_28_40,QIRRRRPTPATLV
8,T8,RRRRPTPATLV_,RRRRP,T,PATLV,2.2922329906550534,0.9576358252251164,79230,82735,107,108,158,PAK6,PAK6,STK,FALSE,STE,PPR1A_28_40,QIRRRRPTPATLV
8,T8,RRRRPTPATLV_,RRRRP,T,PATLV,2.3015086274590804,0.7740980238109627,64045,82735,106,178,321,JNK1,MAPK8,STK,FALSE,CMGC,PPR1A_28_40,QIRRRRPTPATLV
8,T8,RRRRPTPATLV_,RRRRP,T,PATLV,2.3790103840189247,0.9594367559074153,79379,82735,105,106,159,PAK3,PAK3,STK,FALSE,STE,PPR1A_28_40,QIRRRRPTPATLV
8,T8,RRRRPTPATLV_,RRRRP,T,PATLV,2.3920564596748544,0.9539977035112105,78929,82735,104,110,282,skMLCK,MYLK2,STK,FALSE,CAMK,PPR1A_28_40,QIRRRRPTPATLV
8,T8,RRRRPTPATLV_,RRRRP,T,PATLV,2.4063934514716916,0.7875506134042425,65158,82735,103,175,57,CDK17,CDK17,STK,FALSE,CMGC,PPR1A_28_40,QIRRRRPTPATLV
8,T8,RRRRPTPATLV_,RRRRP,T,PATLV,2.41122305185426,0.9767329425273463,80810,82735,102,86,215,QIK,SIK2,STK,FALSE,CAMK,PPR1A_28_40,QIRRRRPTPATLV
8,T8,RRRRPTPATLV_,RRRRP,T,PATLV,2.4348479598323016,0.9899075361092645,81900,82735,101,58,116,PBK,PBK,STK,FALSE,Other,PPR1A_28_40,QIRRRRPTPATLV
8,T8,RRRRPTPATLV_,RRRRP,T,PATLV,2.4641072650220255,0.9803468906750469,81109,82735,100,82,186,YANK3,STK32C,STK,FALSE,AGC,PPR1A_28_40,QIRRRRPTPATLV
8,T8,RRRRPTPATLV_,RRRRP,T,PATLV,2.498658175183601,0.9515924336737778,78730,82735,99,116,287,AURA,AURKA,STK,FALSE,Other,PPR1A_28_40,QIRRRRPTPATLV
8,T8,RRRRPTPATLV_,RRRRP,T,PATLV,2.5342155363953798,0.9648878950867227,79830,82735,98,98,162,PAK5,PAK5,STK,FALSE,STE,PPR1A_28_40,QIRRRRPTPATLV
8,T8,RRRRPTPATLV_,RRRRP,T,PATLV,2.536424657206505,0.780117241796096,64543,82735,97,177,3,P38B,MAPK11,STK,FALSE,CMGC,PPR1A_28_40,QIRRRRPTPATLV
8,T8,RRRRPTPATLV_,RRRRP,T,PATLV,2.540980802886555,0.9653834531939325,79871,82735,96,97,224,TSSK1,TSSK1B,STK,FALSE,CAMK,PPR1A_28_40,QIRRRRPTPATLV
8,T8,RRRRPTPATLV_,RRRRP,T,PATLV,2.6106596907082165,0.9725025684414094,80460,82735,95,90,229,BRSK1,BRSK1,STK,FALSE,CAMK,PPR1A_28_40,QIRRRRPTPATLV
8,T8,RRRRPTPATLV_,RRRRP,T,PATLV,2.7490706229741178,0.9953345017223666,82349,82735,94,42,374,NIK,MAP3K14,STK,FALSE,STE,PPR1A_28_40,QIRRRRPTPATLV
8,T8,RRRRPTPATLV_,RRRRP,T,PATLV,2.805911027284235,0.9648395479543119,79826,82735,93,99,155,PAK1,PAK1,STK,FALSE,STE,PPR1A_28_40,QIRRRRPTPATLV
8,T8,RRRRPTPATLV_,RRRRP,T,PATLV,2.8263588381829923,0.9753913096029492,80699,82735,92,87,106,MNK1,MKNK1,STK,FALSE,CAMK,PPR1A_28_40,QIRRRRPTPATLV
8,T8,RRRRPTPATLV_,RRRRP,T,PATLV,2.8488557111299593,0.9720070103341996,80419,82735,91,91,163,PAK4,PAK4,STK,FALSE,STE,PPR1A_28_40,QIRRRRPTPATLV
8,T8,RRRRPTPATLV_,RRRRP,T,PATLV,2.8799541863403793,0.8640236900948812,71485,82735,90,150,114,ERK2,MAPK1,STK,FALSE,CMGC,PPR1A_28_40,QIRRRRPTPATLV
8,T8,RRRRPTPATLV_,RRRRP,T,PATLV,2.923131687013205,0.8144678793739046,67385,82735,89,164,326,JNK3,MAPK10,STK,FALSE,CMGC,PPR1A_28_40,QIRRRRPTPATLV
8,T8,RRRRPTPATLV_,RRRRP,T,PATLV,2.9647379207295286,0.7971837795370762,65955,82735,88,172,323,JNK2,MAPK9,STK,FALSE,CMGC,PPR1A_28_40,QIRRRRPTPATLV
8,T8,RRRRPTPATLV_,RRRRP,T,PATLV,3.1050813972539637,0.9801293285791987,81091,82735,87,83,179,PKN1,PKN1,STK,FALSE,AGC,PPR1A_28_40,QIRRRRPTPATLV
8,T8,RRRRPTPATLV_,RRRRP,T,PATLV,3.1138445197825004,0.886577627364477,73351,82735,86,144,272,CDK6,CDK6,STK,FALSE,CMGC,PPR1A_28_40,QIRRRRPTPATLV
8,T8,RRRRPTPATLV_,RRRRP,T,PATLV,3.159774404974914,0.9839850123889526,81410,82735,85,74,172,SSTK,TSSK6,STK,FALSE,CAMK,PPR1A_28_40,QIRRRRPTPATLV
8,T8,RRRRPTPATLV_,RRRRP,T,PATLV,3.2316355272376573,0.9869221006829032,81653,82735,84,69,329,LATS1,LATS1,STK,FALSE,AGC,PPR1A_28_40,QIRRRRPTPATLV
8,T8,RRRRPTPATLV_,RRRRP,T,PATLV,3.2559303504338812,0.9851936906992204,81510,82735,83,71,339,PKCE,PRKCE,STK,FALSE,AGC,PPR1A_28_40,QIRRRRPTPATLV
8,T8,RRRRPTPATLV_,RRRRP,T,PATLV,3.3218423803907524,0.8803529340665982,72836,82735,82,148,4,P38A,MAPK14,STK,FALSE,CMGC,PPR1A_28_40,QIRRRRPTPATLV
8,T8,RRRRPTPATLV_,RRRRP,T,PATLV,3.356528308211117,0.8929836224088958,73881,82735,81,141,92,CDK12,CDK12,STK,FALSE,CMGC,PPR1A_28_40,QIRRRRPTPATLV
8,T8,RRRRPTPATLV_,RRRRP,T,PATLV,3.396472204411738,0.9810479240950021,81167,82735,80,81,160,PAK2,PAK2,STK,FALSE,STE,PPR1A_28_40,QIRRRRPTPATLV
8,T8,RRRRPTPATLV_,RRRRP,T,PATLV,3.4073834717405864,0.9776757116093552,80888,82735,79,85,198,PIM3,PIM3,STK,FALSE,CAMK,PPR1A_28_40,QIRRRRPTPATLV
8,T8,RRRRPTPATLV_,RRRRP,T,PATLV,3.4416366414850073,0.9152112165347193,75720,82735,78,133,266,CDK9,CDK9,STK,FALSE,CMGC,PPR1A_28_40,QIRRRRPTPATLV
8,T8,RRRRPTPATLV_,RRRRP,T,PATLV,3.5648027004758998,0.9680667190427268,80093,82735,77,95,284,AURC,AURKC,STK,FALSE,Other,PPR1A_28_40,QIRRRRPTPATLV
8,T8,RRRRPTPATLV_,RRRRP,T,PATLV,3.6459763819280195,0.9817973046473681,81229,82735,76,78,190,DCAMKL1,DCLK1,STK,FALSE,CAMK,PPR1A_28_40,QIRRRRPTPATLV
8,T8,RRRRPTPATLV_,RRRRP,T,PATLV,3.7218054494126647,0.9846256118933946,81463,82735,75,73,135,SIK,SIK1,STK,FALSE,CAMK,PPR1A_28_40,QIRRRRPTPATLV
8,T8,RRRRPTPATLV_,RRRRP,T,PATLV,3.81776263213297,0.9826192058983502,81297,82735,74,76,50,NLK,NLK,STK,FALSE,CMGC,PPR1A_28_40,QIRRRRPTPATLV
8,T8,RRRRPTPATLV_,RRRRP,T,PATLV,3.8398341178171074,0.8417356620535444,69641,82735,73,156,11,P38G,MAPK12,STK,FALSE,CMGC,PPR1A_28_40,QIRRRRPTPATLV
8,T8,RRRRPTPATLV_,RRRRP,T,PATLV,3.8614682475664583,0.974424366954735,80619,82735,72,89,35,PRKD3,PRKD3,STK,FALSE,CAMK,PPR1A_28_40,QIRRRRPTPATLV
8,T8,RRRRPTPATLV_,RRRRP,T,PATLV,3.8667661701744427,0.9960597087085272,82409,82735,71,39,32,PASK,PASK,STK,FALSE,CAMK,PPR1A_28_40,QIRRRRPTPATLV
8,T8,RRRRPTPATLV_,RRRRP,T,PATLV,3.906965608001922,0.9882153864748897,81760,82735,70,62,80,NDR1,STK38,STK,FALSE,AGC,PPR1A_28_40,QIRRRRPTPATLV
8,T8,RRRRPTPATLV_,RRRRP,T,PATLV,4.012399258551792,0.9908382184081707,81977,82735,69,56,73,QSK,SIK3,STK,FALSE,CAMK,PPR1A_28_40,QIRRRRPTPATLV
8,T8,RRRRPTPATLV_,RRRRP,T,PATLV,4.032382018765632,0.9285671118631776,76825,82735,68,123,269,CDK7,CDK7,STK,FALSE,CMGC,PPR1A_28_40,QIRRRRPTPATLV
8,T8,RRRRPTPATLV_,RRRRP,T,PATLV,4.03435744043474,0.9812654861908503,81185,82735,67,80,234,MSK2,RPS6KA4,STK,FALSE,AGC,PPR1A_28_40,QIRRRRPTPATLV
8,T8,RRRRPTPATLV_,RRRRP,T,PATLV,4.040301465355249,0.9928446244032151,82143,82735,66,51,40,AMPKA1,PRKAA1,STK,FALSE,CAMK,PPR1A_28_40,QIRRRRPTPATLV
8,T8,RRRRPTPATLV_,RRRRP,T,PATLV,4.08609354318784,0.9945730343868979,82286,82735,65,46,54,NUAK2,NUAK2,STK,FALSE,CAMK,PPR1A_28_40,QIRRRRPTPATLV
8,T8,RRRRPTPATLV_,RRRRP,T,PATLV,4.187605879136569,0.979742551519913,81059,82735,64,84,283,AURB,AURKB,STK,FALSE,Other,PPR1A_28_40,QIRRRRPTPATLV
8,T8,RRRRPTPATLV_,RRRRP,T,PATLV,4.199897153235173,0.98397292560585,81409,82735,63,75,19,PKG1,PRKG1,STK,FALSE,AGC,PPR1A_28_40,QIRRRRPTPATLV
8,T8,RRRRPTPATLV_,RRRRP,T,PATLV,4.203207379873599,0.9816764368163413,81219,82735,62,79,1,PKACG,PRKACG,STK,FALSE,AGC,PPR1A_28_40,QIRRRRPTPATLV
8,T8,RRRRPTPATLV_,RRRRP,T,PATLV,4.365440794055577,0.9980298543542636,82572,82735,61,28,315,CAMK1B,PNCK,STK,FALSE,CAMK,PPR1A_28_40,QIRRRRPTPATLV
8,T8,RRRRPTPATLV_,RRRRP,T,PATLV,4.434912423174711,0.998803408472835,82636,82735,60,20,28,DAPK2,DAPK2,STK,FALSE,CAMK,PPR1A_28_40,QIRRRRPTPATLV
8,T8,RRRRPTPATLV_,RRRRP,T,PATLV,4.444058683493191,0.9850486493019883,81498,82735,59,72,204,CDKL5,CDKL5,STK,FALSE,CMGC,PPR1A_28_40,QIRRRRPTPATLV
8,T8,RRRRPTPATLV_,RRRRP,T,PATLV,4.4915622264458595,0.9919260288874117,82067,82735,58,52,227,CDKL1,CDKL1,STK,FALSE,CMGC,PPR1A_28_40,QIRRRRPTPATLV
8,T8,RRRRPTPATLV_,RRRRP,T,PATLV,4.660412924476432,0.9884812957031486,81782,82735,57,61,188,MYLK4,MYLK4,STK,FALSE,CAMK,PPR1A_28_40,QIRRRRPTPATLV
8,T8,RRRRPTPATLV_,RRRRP,T,PATLV,4.710088667278694,0.989738321145827,81886,82735,56,60,84,CHK2,CHEK2,STK,FALSE,CAMK,PPR1A_28_40,QIRRRRPTPATLV
8,T8,RRRRPTPATLV_,RRRRP,T,PATLV,4.81953716515352,0.9942104308938177,82256,82735,55,48,345,CAMK1G,CAMK1G,STK,FALSE,CAMK,PPR1A_28_40,QIRRRRPTPATLV
8,T8,RRRRPTPATLV_,RRRRP,T,PATLV,4.840187450250537,0.9880824318607603,81749,82735,54,63,23,PKG2,PRKG2,STK,FALSE,AGC,PPR1A_28_40,QIRRRRPTPATLV
8,T8,RRRRPTPATLV_,RRRRP,T,PATLV,4.855569531310129,0.9694083519671239,80204,82735,53,92,274,CDK4,CDK4,STK,FALSE,CMGC,PPR1A_28_40,QIRRRRPTPATLV
8,T8,RRRRPTPATLV_,RRRRP,T,PATLV,4.935079857743137,0.996180576539554,82419,82735,52,37,34,AMPKA2,PRKAA2,STK,FALSE,CAMK,PPR1A_28_40,QIRRRRPTPATLV
8,T8,RRRRPTPATLV_,RRRRP,T,PATLV,5.092105978825525,0.9993714872786608,82683,82735,51,14,322,caMLCK,MYLK3,STK,FALSE,CAMK,PPR1A_28_40,QIRRRRPTPATLV
8,T8,RRRRPTPATLV_,RRRRP,T,PATLV,5.109101752039577,0.9914062972139965,82024,82735,50,55,265,RSK3,RPS6KA2,STK,FALSE,AGC,PPR1A_28_40,QIRRRRPTPATLV
8,T8,RRRRPTPATLV_,RRRRP,T,PATLV,5.14890609899349,0.9872847041759836,81683,82735,49,67,233,MSK1,RPS6KA5,STK,FALSE,AGC,PPR1A_28_40,QIRRRRPTPATLV
8,T8,RRRRPTPATLV_,RRRRP,T,PATLV,5.261313522037301,0.9918051610563848,82057,82735,48,54,318,CAMK1D,CAMK1D,STK,FALSE,CAMK,PPR1A_28_40,QIRRRRPTPATLV
8,T8,RRRRPTPATLV_,RRRRP,T,PATLV,5.338551755359898,0.9939686952317641,82236,82735,47,50,195,PIM1,PIM1,STK,FALSE,CAMK,PPR1A_28_40,QIRRRRPTPATLV
8,T8,RRRRPTPATLV_,RRRRP,T,PATLV,5.341954334595114,0.9988638423883484,82641,82735,46,19,317,smMLCK,MYLK,STK,FALSE,CAMK,PPR1A_28_40,QIRRRRPTPATLV
8,T8,RRRRPTPATLV_,RRRRP,T,PATLV,5.495765041369375,0.9855683809754034,81541,82735,45,70,149,PRKX,PRKX,STK,FALSE,AGC,PPR1A_28_40,QIRRRRPTPATLV
8,T8,RRRRPTPATLV_,RRRRP,T,PATLV,5.529708654051889,0.9871517495618541,81672,82735,44,68,7,PKACB,PRKACB,STK,FALSE,AGC,PPR1A_28_40,QIRRRRPTPATLV
8,T8,RRRRPTPATLV_,RRRRP,T,PATLV,5.746634532990587,0.998356197498036,82599,82735,43,25,29,DAPK3,DAPK3,STK,FALSE,CAMK,PPR1A_28_40,QIRRRRPTPATLV
8,T8,RRRRPTPATLV_,RRRRP,T,PATLV,5.821748035904152,0.9949356378799783,82316,82735,42,44,314,CAMK1A,CAMK1,STK,FALSE,CAMK,PPR1A_28_40,QIRRRRPTPATLV
8,T8,RRRRPTPATLV_,RRRRP,T,PATLV,5.8617866312488145,0.9877077415845773,81718,82735,41,65,6,PKACA,PRKACA,STK,FALSE,AGC,PPR1A_28_40,QIRRRRPTPATLV
8,T8,RRRRPTPATLV_,RRRRP,T,PATLV,5.880746110053263,0.9951048528434158,82330,82735,40,43,138,SGK3,SGK3,STK,FALSE,AGC,PPR1A_28_40,QIRRRRPTPATLV
8,T8,RRRRPTPATLV_,RRRRP,T,PATLV,5.924251578322155,0.9955641506013174,82368,82735,39,41,226,P70S6K,RPS6KB1,STK,FALSE,AGC,PPR1A_28_40,QIRRRRPTPATLV
8,T8,RRRRPTPATLV_,RRRRP,T,PATLV,5.953073423528233,0.9876714812352693,81715,82735,38,66,94,CDK14,CDK14,STK,FALSE,CMGC,PPR1A_28_40,QIRRRRPTPATLV
8,T8,RRRRPTPATLV_,RRRRP,T,PATLV,5.955397944699309,0.9898833625430592,81898,82735,37,59,78,SRPK1,SRPK1,STK,FALSE,CMGC,PPR1A_28_40,QIRRRRPTPATLV
8,T8,RRRRPTPATLV_,RRRRP,T,PATLV,6.003750256217993,0.9968211760439959,82472,82735,36,33,200,P70S6KB,RPS6KB2,STK,FALSE,AGC,PPR1A_28_40,QIRRRRPTPATLV
8,T8,RRRRPTPATLV_,RRRRP,T,PATLV,6.035984783413609,0.9974134284160271,82521,82735,35,31,26,DAPK1,DAPK1,STK,FALSE,CAMK,PPR1A_28_40,QIRRRRPTPATLV
8,T8,RRRRPTPATLV_,RRRRP,T,PATLV,6.103785203135603,0.9918051610563848,82057,82735,34,53,59,SRPK2,SRPK2,STK,FALSE,CMGC,PPR1A_28_40,QIRRRRPTPATLV
8,T8,RRRRPTPATLV_,RRRRP,T,PATLV,6.115455101874087,0.9980540279204689,82574,82735,33,27,161,P90RSK,RPS6KA1,STK,FALSE,AGC,PPR1A_28_40,QIRRRRPTPATLV
8,T8,RRRRPTPATLV_,RRRRP,T,PATLV,6.247581559456735,0.9960838822747325,82411,82735,32,38,263,RSK2,RPS6KA3,STK,FALSE,AGC,PPR1A_28_40,QIRRRRPTPATLV
8,T8,RRRRPTPATLV_,RRRRP,T,PATLV,6.275219693977576,0.9958663201788844,82393,82735,31,40,12,AKT1,AKT1,STK,FALSE,AGC,PPR1A_28_40,QIRRRRPTPATLV
8,T8,RRRRPTPATLV_,RRRRP,T,PATLV,6.2814823926559695,0.9986946274249109,82627,82735,30,21,351,ROCK2,ROCK2,STK,FALSE,AGC,PPR1A_28_40,QIRRRRPTPATLV
8,T8,RRRRPTPATLV_,RRRRP,T,PATLV,6.308469864995725,0.9985495860276787,82615,82735,29,24,350,ROCK1,ROCK1,STK,FALSE,AGC,PPR1A_28_40,QIRRRRPTPATLV
8,T8,RRRRPTPATLV_,RRRRP,T,PATLV,6.549657321145565,0.9942104308938177,82256,82735,28,47,262,CLK3,CLK3,STK,FALSE,CMGC,PPR1A_28_40,QIRRRRPTPATLV
8,T8,RRRRPTPATLV_,RRRRP,T,PATLV,6.620836492057135,0.9979089865232368,82562,82735,27,29,79,ICK,CILK1,STK,FALSE,CMGC,PPR1A_28_40,QIRRRRPTPATLV
8,T8,RRRRPTPATLV_,RRRRP,T,PATLV,6.663640346218531,0.9963256179367861,82431,82735,26,36,63,SRPK3,SRPK3,STK,FALSE,CMGC,PPR1A_28_40,QIRRRRPTPATLV
8,T8,RRRRPTPATLV_,RRRRP,T,PATLV,6.897624175484891,0.9967486553453798,82466,82735,25,34,260,RSK4,RPS6KA6,STK,FALSE,AGC,PPR1A_28_40,QIRRRRPTPATLV
8,T8,RRRRPTPATLV_,RRRRP,T,PATLV,6.9516140187285815,0.9966157007312504,82455,82735,24,35,10,AKT3,AKT3,STK,FALSE,AGC,PPR1A_28_40,QIRRRRPTPATLV
8,T8,RRRRPTPATLV_,RRRRP,T,PATLV,7.045466865451238,0.9986341935093975,82622,82735,23,22,277,MRCKB,CDC42BPB,STK,FALSE,AGC,PPR1A_28_40,QIRRRRPTPATLV
8,T8,RRRRPTPATLV_,RRRRP,T,PATLV,7.048562695338609,0.9941741705445096,82253,82735,22,49,164,HIPK4,HIPK4,STK,FALSE,CMGC,PPR1A_28_40,QIRRRRPTPATLV
8,T8,RRRRPTPATLV_,RRRRP,T,PATLV,7.209505363739017,0.9985858463769868,82618,82735,21,23,9,AKT2,AKT2,STK,FALSE,AGC,PPR1A_28_40,QIRRRRPTPATLV
8,T8,RRRRPTPATLV_,RRRRP,T,PATLV,7.313087620451183,0.9992264458814286,82671,82735,20,16,279,MRCKA,CDC42BPA,STK,FALSE,AGC,PPR1A_28_40,QIRRRRPTPATLV
8,T8,RRRRPTPATLV_,RRRRP,T,PATLV,7.411031101947862,0.9970266513567414,82489,82735,19,32,90,CDK10,CDK10,STK,FALSE,CMGC,PPR1A_28_40,QIRRRRPTPATLV
8,T8,RRRRPTPATLV_,RRRRP,T,PATLV,7.6777002599319975,0.9994923551096876,82693,82735,18,11,201,PIM2,PIM2,STK,FALSE,CAMK,PPR1A_28_40,QIRRRRPTPATLV
8,T8,RRRRPTPATLV_,RRRRP,T,PATLV,8.19629113913249,0.998948449870067,82648,82735,17,17,267,CLK1,CLK1,STK,FALSE,CMGC,PPR1A_28_40,QIRRRRPTPATLV
8,T8,RRRRPTPATLV_,RRRRP,T,PATLV,8.200249822752093,0.9997340907717411,82713,82735,16,8,367,SBK,SBK1,STK,FALSE,Other,PPR1A_28_40,QIRRRRPTPATLV
8,T8,RRRRPTPATLV_,RRRRP,T,PATLV,8.77373055128437,0.9993594004955582,82682,82735,15,15,299,DYRK2,DYRK2,STK,FALSE,CMGC,PPR1A_28_40,QIRRRRPTPATLV
8,T8,RRRRPTPATLV_,RRRRP,T,PATLV,8.775926717208359,0.9994440079772768,82689,82735,14,12,261,CLK4,CLK4,STK,FALSE,CMGC,PPR1A_28_40,QIRRRRPTPATLV
8,T8,RRRRPTPATLV_,RRRRP,T,PATLV,8.872765231846985,0.9998307850365625,82721,82735,13,6,358,CRIK,CIT,STK,FALSE,AGC,PPR1A_28_40,QIRRRRPTPATLV
8,T8,RRRRPTPATLV_,RRRRP,T,PATLV,8.966929141990757,0.9998791321689732,82725,82735,12,4,307,DMPK1,DMPK,STK,FALSE,AGC,PPR1A_28_40,QIRRRRPTPATLV
8,T8,RRRRPTPATLV_,RRRRP,T,PATLV,9.077137749999494,0.9996736568562277,82708,82735,11,10,139,SGK1,SGK1,STK,FALSE,AGC,PPR1A_28_40,QIRRRRPTPATLV
8,T8,RRRRPTPATLV_,RRRRP,T,PATLV,9.372280108417014,0.9981990693177011,82586,82735,10,26,219,MAK,MAK,STK,FALSE,CMGC,PPR1A_28_40,QIRRRRPTPATLV
8,T8,RRRRPTPATLV_,RRRRP,T,PATLV,9.398385830221539,0.9975947301625673,82536,82735,9,30,170,HIPK2,HIPK2,STK,FALSE,CMGC,PPR1A_28_40,QIRRRRPTPATLV
8,T8,RRRRPTPATLV_,RRRRP,T,PATLV,9.46909586784071,0.9997220039886384,82712,82735,8,9,207,DYRK1A,DYRK1A,STK,FALSE,CMGC,PPR1A_28_40,QIRRRRPTPATLV
8,T8,RRRRPTPATLV_,RRRRP,T,PATLV,9.50371589911695,0.9994319211941741,82688,82735,7,13,294,DYRK4,DYRK4,STK,FALSE,CMGC,PPR1A_28_40,QIRRRRPTPATLV
8,T8,RRRRPTPATLV_,RRRRP,T,PATLV,9.592398061090101,0.9998307850365625,82721,82735,6,5,169,HIPK3,HIPK3,STK,FALSE,CMGC,PPR1A_28_40,QIRRRRPTPATLV
8,T8,RRRRPTPATLV_,RRRRP,T,PATLV,9.752934797811623,0.998912189520759,82645,82735,5,18,264,CLK2,CLK2,STK,FALSE,CMGC,PPR1A_28_40,QIRRRRPTPATLV
8,T8,RRRRPTPATLV_,RRRRP,T,PATLV,10.155559562636356,0.9997945246872545,82718,82735,4,7,166,MOK,MOK,STK,FALSE,CMGC,PPR1A_28_40,QIRRRRPTPATLV
8,T8,RRRRPTPATLV_,RRRRP,T,PATLV,10.922792992381117,0.9999395660844866,82730,82735,3,2,208,DYRK1B,DYRK1B,STK,FALSE,CMGC,PPR1A_28_40,QIRRRRPTPATLV
8,T8,RRRRPTPATLV_,RRRRP,T,PATLV,10.97668558806959,0.9999153925182812,82728,82735,2,3,296,DYRK3,DYRK3,STK,FALSE,CMGC,PPR1A_28_40,QIRRRRPTPATLV
8,T8,RRRRPTPATLV_,RRRRP,T,PATLV,11.041377904032013,0.9999395660844866,82730,82735,1,1,167,HIPK1,HIPK1,STK,FALSE,CMGC,PPR1A_28_40,QIRRRRPTPATLV
