ID,Sequence,new_sequence,site
ATF2_47_59,VADQTPTPTRFLK,VADQT*PTPTRFLK,T5
ATF2_47_59,VADQTPTPTRFLK,VADQTPT*PTRFLK,T7
ATF2_47_59,VADQTPTPTRFLK,VADQTPTPT*RFLK,T9
CDN1A_139_151,GRKRRQTSMTDFY,GRKRRQT*SMTDFY,T7
CDN1A_139_151,GRKRRQTSMTDFY,GRKRRQTS*MTDFY,S8
CDN1A_139_151,GRKRRQTSMTDFY,GRKRRQTSMT*DFY,T10
FIBA_569_581,EFPSRGKSSSYSK,EFPS*RGKSSSYSK,S4
FIBA_569_581,EFPSRGKSSSYSK,EFPSRGKS*SSYSK,S8
FIBA_569_581,EFPSRGKSSSYSK,EFPSRGKSS*SYSK,S9
FIBA_569_581,EFPSRGKSSSYSK,EFPSRGKSSS*YSK,S10
FIBA_569_581,EFPSRGKSSSYSK,EFPSRGKSSSYS*K,S12
IKKB_173_185_C179A,LDQGSLATSFVGT,LDQGS*LATSFVGT,S5
IKKB_173_185_C179A,LDQGSLATSFVGT,LDQGSLAT*SFVGT,T8
IKKB_173_185_C179A,LDQGSLATSFVGT,LDQGSLATS*FVGT,S9
IKKB_173_185_C179A,LDQGSLATSFVGT,LDQGSLATSFVGT*,T13
LIPS_944_956,GFHPRRSSQGATQ,GFHPRRS*SQGATQ,S7
LIPS_944_956,GFHPRRSSQGATQ,GFHPRRSS*QGATQ,S8
LIPS_944_956,GFHPRRSSQGATQ,GFHPRRSSQGAT*Q,T12
MYBB_513_525,DNTPHTPTPFKNA,DNT*PHTPTPFKNA,T3
MYBB_513_525,DNTPHTPTPFKNA,DNTPHT*PTPFKNA,T6
MYBB_513_525,DNTPHTPTPFKNA,DNTPHTPT*PFKNA,T8
PLEK_106_118,GQKFARKSTRRSI,GQKFARKS*TRRSI,S8
PLEK_106_118,GQKFARKSTRRSI,GQKFARKST*RRSI,T9
PLEK_106_118,GQKFARKSTRRSI,GQKFARKSTRRS*I,S12
RBL2_632_644,DEICIAGSPLTPR,DEICIAGS*PLTPR,S8
RBL2_632_644,DEICIAGSPLTPR,DEICIAGSPLT*PR,T11
VIGLN_289_301,EEKKKKTTTIAVE,EEKKKKT*TTIAVE,T7
VIGLN_289_301,EEKKKKTTTIAVE,EEKKKKTT*TIAVE,T8
VIGLN_289_301,EEKKKKTTTIAVE,EEKKKKTTT*IAVE,T9
GRIK2_708_720,FMSSRRQSVLVKS,FMS*SRRQSVLVKS,S3
GRIK2_708_720,FMSSRRQSVLVKS,FMSS*RRQSVLVKS,S4
GRIK2_708_720,FMSSRRQSVLVKS,FMSSRRQS*VLVKS,S8
GRIK2_708_720,FMSSRRQSVLVKS,FMSSRRQSVLVKS*,S13
RADI_559_569,RDKYKTLRQIR,RDKYKT*LRQIR,T6
ACM1_421_433,CNKAFRDTFRLLL,CNKAFRDT*FRLLL,T8
ATM_1972_1984,KRSLAFEEGSQST,KRS*LAFEEGSQST,S3
ATM_1972_1984,KRSLAFEEGSQST,KRSLAFEEGS*QST,S10
ATM_1972_1984,KRSLAFEEGSQST,KRSLAFEEGSQS*T,S12
ATM_1972_1984,KRSLAFEEGSQST,KRSLAFEEGSQST*,T13
CDN1B_151_163,IRKRPATDDSSTQ,IRKRPAT*DDSSTQ,T7
CDN1B_151_163,IRKRPATDDSSTQ,IRKRPATDDS*STQ,S10
CDN1B_151_163,IRKRPATDDSSTQ,IRKRPATDDSS*TQ,S11
CDN1B_151_163,IRKRPATDDSSTQ,IRKRPATDDSST*Q,T12
FOXO3_25_37,QSRPRSCTWPLQR,QS*RPRSCTWPLQR,S2
FOXO3_25_37,QSRPRSCTWPLQR,QSRPRS*CTWPLQR,S6
FOXO3_25_37,QSRPRSCTWPLQR,QSRPRSCT*WPLQR,T8
IKKB_686_698,QLMSQPSTASNSL,QLMS*QPSTASNSL,S4
IKKB_686_698,QLMSQPSTASNSL,QLMSQPS*TASNSL,S7
IKKB_686_698,QLMSQPSTASNSL,QLMSQPST*ASNSL,T8
IKKB_686_698,QLMSQPSTASNSL,QLMSQPSTAS*NSL,S10
IKKB_686_698,QLMSQPSTASNSL,QLMSQPSTASNS*L,S12
LMNA_192_204,DAENRLQTMKEEL,DAENRLQT*MKEEL,T8
MYC_51_63,KKFELLPTPPLSP,KKFELLPT*PPLSP,T8
MYC_51_63,KKFELLPTPPLSP,KKFELLPTPPLS*P,S12
PP2AB_297_309,EPHVTRRTPDYFL,EPHVT*RRTPDYFL,T5
PP2AB_297_309,EPHVTRRTPDYFL,EPHVTRRT*PDYFL,T8
RBL2_655_667,GLGRSITSPTTLY,GLGRS*ITSPTTLY,S5
RBL2_655_667,GLGRSITSPTTLY,GLGRSIT*SPTTLY,T7
RBL2_655_667,GLGRSITSPTTLY,GLGRSITS*PTTLY,S8
RBL2_655_667,GLGRSITSPTTLY,GLGRSITSPT*TLY,T10
RBL2_655_667,GLGRSITSPTTLY,GLGRSITSPTT*LY,T11
YAP1_121_133,QHVRAHSSPASLQ,QHVRAHS*SPASLQ,S7
YAP1_121_133,QHVRAHSSPASLQ,QHVRAHSS*PASLQ,S8
YAP1_121_133,QHVRAHSSPASLQ,QHVRAHSSPAS*LQ,S11
KAP2_92_104,SRFNRRVSVCAET,S*RFNRRVSVCAET,S1
KAP2_92_104,SRFNRRVSVCAET,SRFNRRVS*VCAET,S8
KAP2_92_104,SRFNRRVSVCAET,SRFNRRVSVCAET*,T13
RS6_228_240,IAKRRRLSSLRAS,IAKRRRLS*SLRAS,S8
RS6_228_240,IAKRRRLSSLRAS,IAKRRRLSS*LRAS,S9
RS6_228_240,IAKRRRLSSLRAS,IAKRRRLSSLRAS*,S13
ACM1_444_456,KIPKRPGSVHRTP,KIPKRPGS*VHRTP,S8
ACM1_444_456,KIPKRPGSVHRTP,KIPKRPGSVHRT*P,T12
BAD_112_124,RELRRMSDEFVDS,RELRRMS*DEFVDS,S7
BAD_112_124,RELRRMSDEFVDS,RELRRMSDEFVDS*,S13
CENPA_1_14,MGPRRRSRKPEAPR,MGPRRRS*RKPEAPR,S7
FRAP_2443_2455,RTRTDSYSAGQSV,RT*RTDSYSAGQSV,T2
FRAP_2443_2455,RTRTDSYSAGQSV,RTRT*DSYSAGQSV,T4
FRAP_2443_2455,RTRTDSYSAGQSV,RTRTDS*YSAGQSV,S6
FRAP_2443_2455,RTRTDSYSAGQSV,RTRTDSYS*AGQSV,S8
FRAP_2443_2455,RTRTDSYSAGQSV,RTRTDSYSAGQS*V,S12
K6PL_766_778,LEHVTRRTLSMDK,LEHVT*RRTLSMDK,T5
K6PL_766_778,LEHVTRRTLSMDK,LEHVTRRT*LSMDK,T8
K6PL_766_778,LEHVTRRTLSMDK,LEHVTRRTLS*MDK,S10
LMNB1_16_28,GGPTTPLSPTRLS,GGPT*TPLSPTRLS,T4
LMNB1_16_28,GGPTTPLSPTRLS,GGPTT*PLSPTRLS,T5
LMNB1_16_28,GGPTTPLSPTRLS,GGPTTPLS*PTRLS,S8
LMNB1_16_28,GGPTTPLSPTRLS,GGPTTPLSPT*RLS,T10
LMNB1_16_28,GGPTTPLSPTRLS,GGPTTPLSPTRLS*,S13
NEK2_172_184,FAKTFVGTPYYMS,FAKT*FVGTPYYMS,T4
NEK2_172_184,FAKTFVGTPYYMS,FAKTFVGT*PYYMS,T8
NEK2_172_184,FAKTFVGTPYYMS,FAKTFVGTPYYMS*,S13
PPR1A_28_40,QIRRRRPTPATLV,QIRRRRPT*PATLV,T8
PPR1A_28_40,QIRRRRPTPATLV,QIRRRRPTPAT*LV,T11
RBL2_959_971,DRTSRDSSPVMRS,DRT*SRDSSPVMRS,T3
RBL2_959_971,DRTSRDSSPVMRS,DRTS*RDSSPVMRS,S4
RBL2_959_971,DRTSRDSSPVMRS,DRTSRDS*SPVMRS,S7
RBL2_959_971,DRTSRDSSPVMRS,DRTSRDSS*PVMRS,S8
RBL2_959_971,DRTSRDSSPVMRS,DRTSRDSSPVMRS*,S13
ADRB2_338_350,ELLCLRRSSLKAY,ELLCLRRS*SLKAY,S8
ADRB2_338_350,ELLCLRRSSLKAY,ELLCLRRSS*LKAY,S9
KCC2G_278_289,VASMMHRQETVE,VAS*MMHRQETVE,S3
KCC2G_278_289,VASMMHRQETVE,VASMMHRQET*VE,T10
RYR1_4317_4329,VRRLRRLTAREAA,VRRLRRLT*AREAA,T8
ACM4_456_468,CNATFKKTFRHLL,CNAT*FKKTFRHLL,T4
ACM4_456_468,CNATFKKTFRHLL,CNATFKKT*FRHLL,T8
BAD_69_81,IRSRHSSYPAGTE,IRS*RHSSYPAGTE,S3
BAD_69_81,IRSRHSSYPAGTE,IRSRHS*SYPAGTE,S6
BAD_69_81,IRSRHSSYPAGTE,IRSRHSS*YPAGTE,S7
BAD_69_81,IRSRHSSYPAGTE,IRSRHSSYPAGT*E,T12
COF1_17_29,DMKVRKSSTPEEV,DMKVRKS*STPEEV,S7
COF1_17_29,DMKVRKSSTPEEV,DMKVRKSS*TPEEV,S8
COF1_17_29,DMKVRKSSTPEEV,DMKVRKSST*PEEV,T9
FRAP_2475_2487,VPESIHSFIGDGL,VPES*IHSFIGDGL,S4
FRAP_2475_2487,VPESIHSFIGDGL,VPESIHS*FIGDGL,S7
KAPCG_192_206,VKGRTWTLCGTPEYL,VKGRT*WTLCGTPEYL,T5
KAPCG_192_206,VKGRTWTLCGTPEYL,VKGRTWT*LCGTPEYL,T7
KAPCG_192_206,VKGRTWTLCGTPEYL,VKGRTWTLCGT*PEYL,T11
MARCS_152_164,KKKKKRFSFKKSF,KKKKKRFS*FKKSF,S8
MARCS_152_164,KKKKKRFSFKKSF,KKKKKRFSFKKS*F,S12
NEK3_158_170,FACTYVGTPYYVP,FACT*YVGTPYYVP,T4
NEK3_158_170,FACTYVGTPYYVP,FACTYVGT*PYYVP,T8
PRKDC_2618_2630,TRTQEGSLSARWP,T*RTQEGSLSARWP,T1
PRKDC_2618_2630,TRTQEGSLSARWP,TRT*QEGSLSARWP,T3
PRKDC_2618_2630,TRTQEGSLSARWP,TRTQEGS*LSARWP,S7
PRKDC_2618_2630,TRTQEGSLSARWP,TRTQEGSLS*ARWP,S9
REL_260_272,KMQLRRPSDQEVS,KMQLRRPS*DQEVS,S8
REL_260_272,KMQLRRPSDQEVS,KMQLRRPSDQEVS*,S13
ART_025_CXGLRRWSLGGLRRWSL,GLRRWSLGGLRRWSL,GLRRWS*LGGLRRWSL,S6
ART_025_CXGLRRWSLGGLRRWSL,GLRRWSLGGLRRWSL,GLRRWSLGGLRRWS*L,S14
KCNA1_438_450,DSDLSRRSSSTMS,DS*DLSRRSSSTMS,S2
KCNA1_438_450,DSDLSRRSSSTMS,DSDLS*RRSSSTMS,S5
KCNA1_438_450,DSDLSRRSSSTMS,DSDLSRRS*SSTMS,S8
KCNA1_438_450,DSDLSRRSSSTMS,DSDLSRRSS*STMS,S9
KCNA1_438_450,DSDLSRRSSSTMS,DSDLSRRSSS*TMS,S10
KCNA1_438_450,DSDLSRRSSSTMS,DSDLSRRSSST*MS,T11
KCNA1_438_450,DSDLSRRSSSTMS,DSDLSRRSSSTMS*,S13
SCN7A_898_910,KNGCRRGSSLGQI,KNGCRRGS*SLGQI,S8
SCN7A_898_910,KNGCRRGSSLGQI,KNGCRRGSS*LGQI,S9
ACM5_494_506,CYALCNRTFRKTF,CYALCNRT*FRKTF,T8
ACM5_494_506,CYALCNRTFRKTF,CYALCNRTFRKT*F,T12
BAD_93_105,FRGRSRSAPPNLW,FRGRS*RSAPPNLW,S5
BAD_93_105,FRGRSRSAPPNLW,FRGRSRS*APPNLW,S7
CSF1R_701_713,NIHLEKKYVRRDS,NIHLEKKYVRRDS*,S13
GPR6_349_361,QSKVPFRSRSPSE,QS*KVPFRSRSPSE,S2
GPR6_349_361,QSKVPFRSRSPSE,QSKVPFRS*RSPSE,S8
GPR6_349_361,QSKVPFRSRSPSE,QSKVPFRSRS*PSE,S10
GPR6_349_361,QSKVPFRSRSPSE,QSKVPFRSRSPS*E,S12
KCNA2_442_454,PDLKKSRSASTIS,PDLKKS*RSASTIS,S6
KCNA2_442_454,PDLKKSRSASTIS,PDLKKSRS*ASTIS,S8
KCNA2_442_454,PDLKKSRSASTIS,PDLKKSRSAS*TIS,S10
KCNA2_442_454,PDLKKSRSASTIS,PDLKKSRSAST*IS,T11
KCNA2_442_454,PDLKKSRSASTIS,PDLKKSRSASTIS*,S13
MARCS_160_172,FKKSFKLSGFSFK,FKKS*FKLSGFSFK,S4
MARCS_160_172,FKKSFKLSGFSFK,FKKSFKLS*GFSFK,S8
MARCS_160_172,FKKSFKLSGFSFK,FKKSFKLSGFS*FK,S11
NMDZ1_890_902,SFKRRRSSKDTST,S*FKRRRSSKDTST,S1
NMDZ1_890_902,SFKRRRSSKDTST,SFKRRRS*SKDTST,S7
NMDZ1_890_902,SFKRRRSSKDTST,SFKRRRSS*KDTST,S8
NMDZ1_890_902,SFKRRRSSKDTST,SFKRRRSSKDT*ST,T11
NMDZ1_890_902,SFKRRRSSKDTST,SFKRRRSSKDTS*T,S12
NMDZ1_890_902,SFKRRRSSKDTST,SFKRRRSSKDTST*,T13
PTK6_436_448,ALRERLSSFTSYE,ALRERLS*SFTSYE,S7
PTK6_436_448,ALRERLSSFTSYE,ALRERLSS*FTSYE,S8
PTK6_436_448,ALRERLSSFTSYE,ALRERLSSFT*SYE,T10
PTK6_436_448,ALRERLSSFTSYE,ALRERLSSFTS*YE,S11
SRC_413_425,LIEDNEYTARQGA,LIEDNEYT*ARQGA,T8
CAC1C_1974_1986,ASLGRRASFHLEC,AS*LGRRASFHLEC,S2
CAC1C_1974_1986,ASLGRRASFHLEC,ASLGRRAS*FHLEC,S8
KPB1_1011_1023,QVEFRRLSISAES,QVEFRRLS*ISAES,S8
KPB1_1011_1023,QVEFRRLSISAES,QVEFRRLSIS*AES,S10
KPB1_1011_1023,QVEFRRLSISAES,QVEFRRLSISAES*,S13
SRC8_CHICK_423_435,KTPSSPVYQDAVS,KT*PSSPVYQDAVS,T2
SRC8_CHICK_423_435,KTPSSPVYQDAVS,KTPS*SPVYQDAVS,S4
SRC8_CHICK_423_435,KTPSSPVYQDAVS,KTPSS*PVYQDAVS,S5
SRC8_CHICK_423_435,KTPSSPVYQDAVS,KTPSSPVYQDAVS*,S13
ACM5_498_510,CNRTFRKTFKMLL,CNRT*FRKTFKMLL,T4
ACM5_498_510,CNRTFRKTFKMLL,CNRTFRKT*FKMLL,T8
BCKD_45_57,ERSKTVTSFYNQS,ERS*KTVTSFYNQS,S3
BCKD_45_57,ERSKTVTSFYNQS,ERSKT*VTSFYNQS,T5
BCKD_45_57,ERSKTVTSFYNQS,ERSKTVT*SFYNQS,T7
BCKD_45_57,ERSKTVTSFYNQS,ERSKTVTS*FYNQS,S8
BCKD_45_57,ERSKTVTSFYNQS,ERSKTVTSFYNQS*,S13
CSK21_355_367,ISSVPTPSPLGPL,IS*SVPTPSPLGPL,S2
CSK21_355_367,ISSVPTPSPLGPL,ISS*VPTPSPLGPL,S3
CSK21_355_367,ISSVPTPSPLGPL,ISSVPT*PSPLGPL,T6
CSK21_355_367,ISSVPTPSPLGPL,ISSVPTPS*PLGPL,S8
GPSM2_394_406,PKLGRRHSMENME,PKLGRRHS*MENME,S8
KCNA3_461_473,EELRKARSNSTLS,EELRKARS*NSTLS,S8
KCNA3_461_473,EELRKARSNSTLS,EELRKARSNS*TLS,S10
KCNA3_461_473,EELRKARSNSTLS,EELRKARSNST*LS,T11
KCNA3_461_473,EELRKARSNSTLS,EELRKARSNSTLS*,S13
MBP_222_234,HFFKNIVTPRTPP,HFFKNIVT*PRTPP,T8
MBP_222_234,HFFKNIVTPRTPP,HFFKNIVTPRT*PP,T11
NOS3_1171_1183,SRIRTQSFSLQER,S*RIRTQSFSLQER,S1
NOS3_1171_1183,SRIRTQSFSLQER,SRIRT*QSFSLQER,T5
NOS3_1171_1183,SRIRTQSFSLQER,SRIRTQS*FSLQER,S7
NOS3_1171_1183,SRIRTQSFSLQER,SRIRTQSFS*LQER,S9
RAB1A_187_199,KSNVKIQSTPVKQ,KS*NVKIQSTPVKQ,S2
RAB1A_187_199,KSNVKIQSTPVKQ,KSNVKIQS*TPVKQ,S8
RAB1A_187_199,KSNVKIQSTPVKQ,KSNVKIQST*PVKQ,T9
STK6_283_295,SSRRTTLCGTLDY,S*SRRTTLCGTLDY,S1
STK6_283_295,SSRRTTLCGTLDY,SS*RRTTLCGTLDY,S2
STK6_283_295,SSRRTTLCGTLDY,SSRRT*TLCGTLDY,T5
STK6_283_295,SSRRTTLCGTLDY,SSRRTT*LCGTLDY,T6
STK6_283_295,SSRRTTLCGTLDY,SSRRTTLCGT*LDY,T10
CFTR_730_742,EPLERRLSLVPDS,EPLERRLS*LVPDS,S8
CFTR_730_742,EPLERRLSLVPDS,EPLERRLSLVPDS*,S13
MYPC3_268_280,LSAFRRTSLAGGG,LS*AFRRTSLAGGG,S2
MYPC3_268_280,LSAFRRTSLAGGG,LSAFRRT*SLAGGG,T7
MYPC3_268_280,LSAFRRTSLAGGG,LSAFRRTS*LAGGG,S8
VASP_271_283,LARRRKATQVGEK,LARRRKAT*QVGEK,T8
ADDB_696_708,GSPSKSPSKKKKK,GS*PSKSPSKKKKK,S2
ADDB_696_708,GSPSKSPSKKKKK,GSPS*KSPSKKKKK,S4
ADDB_696_708,GSPSKSPSKKKKK,GSPSKS*PSKKKKK,S6
ADDB_696_708,GSPSKSPSKKKKK,GSPSKSPS*KKKKK,S8
BRCA1_1451_1463,EKAVLTSQKSSEY,EKAVLT*SQKSSEY,T6
BRCA1_1451_1463,EKAVLTSQKSSEY,EKAVLTS*QKSSEY,S7
BRCA1_1451_1463,EKAVLTSQKSSEY,EKAVLTSQKS*SEY,S10
BRCA1_1451_1463,EKAVLTSQKSSEY,EKAVLTSQKSS*EY,S11
DCX_49_61,HFDERDKTSRNMR,HFDERDKT*SRNMR,T8
DCX_49_61,HFDERDKTSRNMR,HFDERDKTS*RNMR,S9
GSUB_61_73,KKPRRKDTPALHI,KKPRRKDT*PALHI,T8
KCNB1_489_501,KWTKRTLSETSSS,KWT*KRTLSETSSS,T3
KCNB1_489_501,KWTKRTLSETSSS,KWTKRT*LSETSSS,T6
KCNB1_489_501,KWTKRTLSETSSS,KWTKRTLS*ETSSS,S8
KCNB1_489_501,KWTKRTLSETSSS,KWTKRTLSET*SSS,T10
KCNB1_489_501,KWTKRTLSETSSS,KWTKRTLSETS*SS,S11
KCNB1_489_501,KWTKRTLSETSSS,KWTKRTLSETSS*S,S12
KCNB1_489_501,KWTKRTLSETSSS,KWTKRTLSETSSS*,S13
MK10_214_226,AGTSFMMTPYVVT,AGT*SFMMTPYVVT,T3
MK10_214_226,AGTSFMMTPYVVT,AGTS*FMMTPYVVT,S4
MK10_214_226,AGTSFMMTPYVVT,AGTSFMMT*PYVVT,T8
MK10_214_226,AGTSFMMTPYVVT,AGTSFMMTPYVVT*,T13
NR4A1_344_356,GRRGRLPSKPKQP,GRRGRLPS*KPKQP,S8
RAF1_253_265,QRQRSTSTPNVHM,QRQRS*TSTPNVHM,S5
RAF1_253_265,QRQRSTSTPNVHM,QRQRST*STPNVHM,T6
RAF1_253_265,QRQRSTSTPNVHM,QRQRSTS*TPNVHM,S7
RAF1_253_265,QRQRSTSTPNVHM,QRQRSTST*PNVHM,T8
STMN2_90_102,AAGERRKSQEAQV,AAGERRKS*QEAQV,S8
CGHB_109_121,QCALCRRSTTDCG,QCALCRRS*TTDCG,S8
CGHB_109_121,QCALCRRSTTDCG,QCALCRRST*TDCG,T9
CGHB_109_121,QCALCRRSTTDCG,QCALCRRSTT*DCG,T10
NCF1_296_308,RGAPPRRSSIRNA,RGAPPRRS*SIRNA,S8
NCF1_296_308,RGAPPRRSSIRNA,RGAPPRRSS*IRNA,S9
VTNC_390_402,NQNSRRPSRATWL,NQNS*RRPSRATWL,S4
VTNC_390_402,NQNSRRPSRATWL,NQNSRRPS*RATWL,S8
VTNC_390_402,NQNSRRPSRATWL,NQNSRRPSRAT*WL,T11
ADDB_706_718,KKKFRTPSFLKKS,KKKFRT*PSFLKKS,T6
ADDB_706_718,KKKFRTPSFLKKS,KKKFRTPS*FLKKS,S8
ADDB_706_718,KKKFRTPSFLKKS,KKKFRTPSFLKKS*,S13
C1R_201_213,ASGYISSLEYPRS,AS*GYISSLEYPRS,S2
C1R_201_213,ASGYISSLEYPRS,ASGYIS*SLEYPRS,S6
C1R_201_213,ASGYISSLEYPRS,ASGYISS*LEYPRS,S7
C1R_201_213,ASGYISSLEYPRS,ASGYISSLEYPRS*,S13
ELK1_356_368,LLPTHTLTPVLLT,LLPT*HTLTPVLLT,T4
ELK1_356_368,LLPTHTLTPVLLT,LLPTHT*LTPVLLT,T6
ELK1_356_368,LLPTHTLTPVLLT,LLPTHTLT*PVLLT,T8
ELK1_356_368,LLPTHTLTPVLLT,LLPTHTLTPVLLT*,T13
GYS2_1_13,MLRGRSLSVTSLG,MLRGRS*LSVTSLG,S6
GYS2_1_13,MLRGRSLSVTSLG,MLRGRSLS*VTSLG,S8
GYS2_1_13,MLRGRSLSVTSLG,MLRGRSLSVT*SLG,T10
GYS2_1_13,MLRGRSLSVTSLG,MLRGRSLSVTS*LG,S11
KIF11_919_931,LDIPTGTTPQRKS,LDIPT*GTTPQRKS,T5
KIF11_919_931,LDIPTGTTPQRKS,LDIPTGT*TPQRKS,T7
KIF11_919_931,LDIPTGTTPQRKS,LDIPTGTT*PQRKS,T8
KIF11_919_931,LDIPTGTTPQRKS,LDIPTGTTPQRKS*,S13
MP2K1_281_293,GDAAETPPRPRTP,GDAAET*PPRPRTP,T6
MP2K1_281_293,GDAAETPPRPRTP,GDAAETPPRPRT*P,T12
NTRK3_824_836,LHALGKATPIYLD,LHALGKAT*PIYLD,T8
RAP1B_172_184,PGKARKKSSCQLL,PGKARKKS*SCQLL,S8
RAP1B_172_184,PGKARKKSSCQLL,PGKARKKSS*CQLL,S9
TAU_524_536,GSRSRTPSLPTPP,GS*RSRTPSLPTPP,S2
TAU_524_536,GSRSRTPSLPTPP,GSRS*RTPSLPTPP,S4
TAU_524_536,GSRSRTPSLPTPP,GSRSRT*PSLPTPP,T6
TAU_524_536,GSRSRTPSLPTPP,GSRSRTPS*LPTPP,S8
TAU_524_536,GSRSRTPSLPTPP,GSRSRTPSLPT*PP,T11
CREB1_126_138,EILSRRPSYRKIL,EILS*RRPSYRKIL,S4
CREB1_126_138,EILSRRPSYRKIL,EILSRRPS*YRKIL,S8
NCF1_321_333,QDAYRRNSVRFLQ,QDAYRRNS*VRFLQ,S8
CFTR_761_773,LQARRRQSVLNLM,LQARRRQS*VLNLM,S8
AKT1_301_313,KDGATMKTFCGTP,KDGAT*MKTFCGTP,T5
AKT1_301_313,KDGATMKTFCGTP,KDGATMKT*FCGTP,T8
AKT1_301_313,KDGATMKTFCGTP,KDGATMKTFCGT*P,T12
CA2D1_494_506,LEDIKRLTPRFTL,LEDIKRLT*PRFTL,T8
CA2D1_494_506,LEDIKRLTPRFTL,LEDIKRLTPRFT*L,T12
ELK1_410_422,ISVDGLSTPVVLS,IS*VDGLSTPVVLS,S2
ELK1_410_422,ISVDGLSTPVVLS,ISVDGLS*TPVVLS,S7
ELK1_410_422,ISVDGLSTPVVLS,ISVDGLST*PVVLS,T8
ELK1_410_422,ISVDGLSTPVVLS,ISVDGLSTPVVLS*,S13
H2B1B_ 27_40,GKKRKRSRKESYSI,GKKRKRS*RKESYSI,S7
H2B1B_ 27_40,GKKRKRSRKESYSI,GKKRKRSRKES*YSI,S11
H2B1B_ 27_40,GKKRKRSRKESYSI,GKKRKRSRKESYS*I,S13
KIF2C_105_118_S106G,EGLRSRSTRMSTVS,EGLRS*RSTRMSTVS,S5
KIF2C_105_118_S106G,EGLRSRSTRMSTVS,EGLRSRS*TRMSTVS,S7
KIF2C_105_118_S106G,EGLRSRSTRMSTVS,EGLRSRST*RMSTVS,T8
KIF2C_105_118_S106G,EGLRSRSTRMSTVS,EGLRSRSTRMS*TVS,S11
KIF2C_105_118_S106G,EGLRSRSTRMSTVS,EGLRSRSTRMST*VS,T12
KIF2C_105_118_S106G,EGLRSRSTRMSTVS,EGLRSRSTRMSTVS*,S14
MP2K1_287_299,PPRPRTPGRPLSS,PPRPRT*PGRPLSS,T6
MP2K1_287_299,PPRPRTPGRPLSS,PPRPRTPGRPLS*S,S12
MP2K1_287_299,PPRPRTPGRPLSS,PPRPRTPGRPLSS*,S13
P53_12_24,PPLSQETFSDLWK,PPLS*QETFSDLWK,S4
P53_12_24,PPLSQETFSDLWK,PPLSQET*FSDLWK,T7
P53_12_24,PPLSQETFSDLWK,PPLSQETFS*DLWK,S9
RB_242_254,AVIPINGSPRTPR,AVIPINGS*PRTPR,S8
RB_242_254,AVIPINGSPRTPR,AVIPINGSPRT*PR,T11
TLE2_246_258,EPPSPATTPCGKV,EPPS*PATTPCGKV,S4
TLE2_246_258,EPPSPATTPCGKV,EPPSPAT*TPCGKV,T7
TLE2_246_258,EPPSPATTPCGKV,EPPSPATT*PCGKV,T8
DESP_2842_2854,RSGSRRGSFDATG,RS*GSRRGSFDATG,S2
DESP_2842_2854,RSGSRRGSFDATG,RSGS*RRGSFDATG,S4
DESP_2842_2854,RSGSRRGSFDATG,RSGSRRGS*FDATG,S8
DESP_2842_2854,RSGSRRGSFDATG,RSGSRRGSFDAT*G,T12
NFKB1_330_342,FVQLRRKSDLETS,FVQLRRKS*DLETS,S8
NFKB1_330_342,FVQLRRKSDLETS,FVQLRRKSDLET*S,T12
NFKB1_330_342,FVQLRRKSDLETS,FVQLRRKSDLETS*,S13
F263_454_466,NPLMRRNSVTPLA,NPLMRRNS*VTPLA,S8
F263_454_466,NPLMRRNSVTPLA,NPLMRRNSVT*PLA,T10
ANDR_785_797,VRMRHLSQEFGWL,VRMRHLS*QEFGWL,S7
CD27_212_224,HQRRKYRSNKGES,HQRRKYRS*NKGES,S8
CD27_212_224,HQRRKYRSNKGES,HQRRKYRSNKGES*,S13
ERBB2_679_691,QQKIRKYTMRRLL,QQKIRKYT*MRRLL,T8
H32_3_18,RTKQTARKSTGGKAPR,RT*KQTARKSTGGKAPR,T2
H32_3_18,RTKQTARKSTGGKAPR,RTKQT*ARKSTGGKAPR,T5
H32_3_18,RTKQTARKSTGGKAPR,RTKQTARKS*TGGKAPR,S9
H32_3_18,RTKQTARKSTGGKAPR,RTKQTARKST*GGKAPR,T10
KPCB_19_31_A25S,RFARKGSLRQKNV,RFARKGS*LRQKNV,S7
MPH6_140_152,EDENGDITPIKAK,EDENGDIT*PIKAK,T8
P53_308_323,LPNNTSSSPQPKKKPL,LPNNT*SSSPQPKKKPL,T5
P53_308_323,LPNNTSSSPQPKKKPL,LPNNTS*SSPQPKKKPL,S6
P53_308_323,LPNNTSSSPQPKKKPL,LPNNTSS*SPQPKKKPL,S7
P53_308_323,LPNNTSSSPQPKKKPL,LPNNTSSS*PQPKKKPL,S8
RB_350_362,SFETQRTPRKSNL,S*FETQRTPRKSNL,S1
RB_350_362,SFETQRTPRKSNL,SFET*QRTPRKSNL,T4
RB_350_362,SFETQRTPRKSNL,SFETQRT*PRKSNL,T7
RB_350_362,SFETQRTPRKSNL,SFETQRTPRKS*NL,S11
TOP2A_1463_1475,RRKRKPSTSDDSD,RRKRKPS*TSDDSD,S7
TOP2A_1463_1475,RRKRKPSTSDDSD,RRKRKPST*SDDSD,T8
TOP2A_1463_1475,RRKRKPSTSDDSD,RRKRKPSTS*DDSD,S9
TOP2A_1463_1475,RRKRKPSTSDDSD,RRKRKPSTSDDS*D,S12
E1A_ADE05_212_224,AILRRPTSPVSRE,AILRRPT*SPVSRE,T7
E1A_ADE05_212_224,AILRRPTSPVSRE,AILRRPTS*PVSRE,S8
E1A_ADE05_212_224,AILRRPTSPVSRE,AILRRPTSPVS*RE,S11
PLM_76_88,EEGTFRSSIRRLS,EEGT*FRSSIRRLS,T4
PLM_76_88,EEGTFRSSIRRLS,EEGTFRS*SIRRLS,S7
PLM_76_88,EEGTFRSSIRRLS,EEGTFRSS*IRRLS,S8
PLM_76_88,EEGTFRSSIRRLS,EEGTFRSSIRRLS*,S13
KAP3_107_119,NRFTRRASVCAEA,NRFT*RRASVCAEA,T4
KAP3_107_119,NRFTRRASVCAEA,NRFTRRAS*VCAEA,S8
ANXA1_209_221,AGERRKGTDVNVF,AGERRKGT*DVNVF,T8
CDC2_154_169,GIPIRVYTHEVVTLWY,GIPIRVYT*HEVVTLWY,T8
CDC2_154_169,GIPIRVYTHEVVTLWY,GIPIRVYTHEVVT*LWY,T13
ERF_519_531,GEAGGPLTPRRVS,GEAGGPLT*PRRVS,T8
ERF_519_531,GEAGGPLTPRRVS,GEAGGPLTPRRVS*,S13
IF4E_203_215,TATKSGSTTKNRF,T*ATKSGSTTKNRF,T1
IF4E_203_215,TATKSGSTTKNRF,TAT*KSGSTTKNRF,T3
IF4E_203_215,TATKSGSTTKNRF,TATKS*GSTTKNRF,S5
IF4E_203_215,TATKSGSTTKNRF,TATKSGS*TTKNRF,S7
IF4E_203_215,TATKSGSTTKNRF,TATKSGST*TKNRF,T8
IF4E_203_215,TATKSGSTTKNRF,TATKSGSTT*KNRF,T9
KPCB_626_639,AENFDRFFTRHPPV,AENFDRFFT*RHPPV,T9
MPIP1_172_184,FTQRQNSAPARML,FT*QRQNSAPARML,T2
MPIP1_172_184,FTQRQNSAPARML,FTQRQNS*APARML,S7
PDE5A_95_107,GTPTRKISASEFD,GT*PTRKISASEFD,T2
PDE5A_95_107,GTPTRKISASEFD,GTPT*RKISASEFD,T4
PDE5A_95_107,GTPTRKISASEFD,GTPTRKIS*ASEFD,S8
PDE5A_95_107,GTPTRKISASEFD,GTPTRKISAS*EFD,S10
RB_774_786,TRPPTLSPIPHIP,T*RPPTLSPIPHIP,T1
RB_774_786,TRPPTLSPIPHIP,TRPPT*LSPIPHIP,T5
RB_774_786,TRPPTLSPIPHIP,TRPPTLS*PIPHIP,S7
VASP_150_162,EHIERRVSNAGGP,EHIERRVS*NAGGP,S8
EPB42_241_253,LLNKRRGSVPILR,LLNKRRGS*VPILR,S8
PTN12_32_44,FMRLRRLSTKYRT,FMRLRRLS*TKYRT,S8
PTN12_32_44,FMRLRRLSTKYRT,FMRLRRLST*KYRT,T9
PTN12_32_44,FMRLRRLSTKYRT,FMRLRRLSTKYRT*,T13
KCNA6_504_516,ANRERRPSYLPTP,ANRERRPS*YLPTP,S8
KCNA6_504_516,ANRERRPSYLPTP,ANRERRPSYLPT*P,T12
CDK7_163_175,GSPNRAYTHQVVT,GS*PNRAYTHQVVT,S2
CDK7_163_175,GSPNRAYTHQVVT,GSPNRAYT*HQVVT,T8
CDK7_163_175,GSPNRAYTHQVVT,GSPNRAYTHQVVT*,T13
ESR1_160_172,GGRERLASTNDKG,GGRERLAS*TNDKG,S8
ESR1_160_172,GGRERLASTNDKG,GGRERLAST*NDKG,T9
IKBA_26_38,LDDRHDSGLDSMK,LDDRHDS*GLDSMK,S7
IKBA_26_38,LDDRHDSGLDSMK,LDDRHDSGLDS*MK,S11
KS6A1_374_386,QLFRGFSFVATGL,QLFRGFS*FVATGL,S7
KS6A1_374_386,QLFRGFSFVATGL,QLFRGFSFVAT*GL,T11
MPIP3_208_220,RSGLYRSPSMPEN,RS*GLYRSPSMPEN,S2
MPIP3_208_220,RSGLYRSPSMPEN,RSGLYRS*PSMPEN,S7
MPIP3_208_220,RSGLYRSPSMPEN,RSGLYRSPS*MPEN,S9
PDPK1_27_39,SMVRTQTESSTPP,S*MVRTQTESSTPP,S1
PDPK1_27_39,SMVRTQTESSTPP,SMVRT*QTESSTPP,T5
PDPK1_27_39,SMVRTQTESSTPP,SMVRTQT*ESSTPP,T7
PDPK1_27_39,SMVRTQTESSTPP,SMVRTQTES*STPP,S9
PDPK1_27_39,SMVRTQTESSTPP,SMVRTQTESS*TPP,S10
PDPK1_27_39,SMVRTQTESSTPP,SMVRTQTESST*PP,T11
RB_803_815,NIYISPLKSPYKI,NIYIS*PLKSPYKI,S5
RB_803_815,NIYISPLKSPYKI,NIYISPLKS*PYKI,S9
VASP_232_244,GAKLRKVSKQEEA,GAKLRKVS*KQEEA,S8
GBRB2_427_439,SRLRRRASQLKIT,S*RLRRRASQLKIT,S1
GBRB2_427_439,SRLRRRASQLKIT,SRLRRRAS*QLKIT,S8
GBRB2_427_439,SRLRRRASQLKIT,SRLRRRASQLKIT*,T13
PYGL_8_20,QEKRRQISIRGIV,QEKRRQIS*IRGIV,S8
TY3H_65_77,FIGRRQSLIEDAR,FIGRRQS*LIEDAR,S7
