family,geneName,name,percentile,percentileRank,score,scoreRank,uniprotId,displayName,id,peptide_id,sequence,processed_sequence
CAMK,CHEK2,CHK2,97.01,1,3.4705,1,O96017,CHK2,RBL2_655_667_T7_0b4224_O0xO,RBL2_655_667,GLGRSIT*sPTTLy,_GLGRSItsPTTLy_
CAMK,DAPK2,DAPK2,96.92,2,2.2611,2,Q9UIK4,DAPK2,RBL2_655_667_T7_0b4224_O0xO,RBL2_655_667,GLGRSIT*sPTTLy,_GLGRSItsPTTLy_
CAMK,STK17A,DRAK1,96.67,3,1.3498000000000001,9,Q9UEE5,DRAK1,RBL2_655_667_T7_0b4224_O0xO,RBL2_655_667,GLGRSIT*sPTTLy,_GLGRSItsPTTLy_
Other,BUB1,BUB1,95.52,4,1.5879,6,O43683,BUB1,RBL2_655_667_T7_0b4224_O0xO,RBL2_655_667,GLGRSIT*sPTTLy,_GLGRSItsPTTLy_
CAMK,DAPK1,DAPK1,95.46,5,2.1971,3,P53355,DAPK1,RBL2_655_667_T7_0b4224_O0xO,RBL2_655_667,GLGRSIT*sPTTLy,_GLGRSItsPTTLy_
TKL,MAP3K7,TAK1,94.98,6,-0.5432,76,O43318,TAK1,RBL2_655_667_T7_0b4224_O0xO,RBL2_655_667,GLGRSIT*sPTTLy,_GLGRSItsPTTLy_
AGC,GRK2,GRK2,94.89,7,1.4071,8,P25098,GRK2,RBL2_655_667_T7_0b4224_O0xO,RBL2_655_667,GLGRSIT*sPTTLy,_GLGRSItsPTTLy_
STE,MAP2K1,MEK1,94.05,8,-0.2427,65,Q02750,MEK1,RBL2_655_667_T7_0b4224_O0xO,RBL2_655_667,GLGRSIT*sPTTLy,_GLGRSItsPTTLy_
CAMK,MYLK,SMMLCK,93.16,9,1.0872,15,Q15746,smMLCK,RBL2_655_667_T7_0b4224_O0xO,RBL2_655_667,GLGRSIT*sPTTLy,_GLGRSItsPTTLy_
CAMK,DAPK3,DAPK3,92.79,10,1.0496,16,O43293,DAPK3,RBL2_655_667_T7_0b4224_O0xO,RBL2_655_667,GLGRSIT*sPTTLy,_GLGRSItsPTTLy_
AGC,PDPK1,PDK1,92.56,11,-0.0444,52,O15530,PDK1,RBL2_655_667_T7_0b4224_O0xO,RBL2_655_667,GLGRSIT*sPTTLy,_GLGRSItsPTTLy_
STE,MAP4K1,HPK1,91.8,12,-0.3458,71,Q92918,HPK1,RBL2_655_667_T7_0b4224_O0xO,RBL2_655_667,GLGRSIT*sPTTLy,_GLGRSItsPTTLy_
STE,MAP3K6,MEKK6,91.54,13,-1.4063,116,O95382,ASK2,RBL2_655_667_T7_0b4224_O0xO,RBL2_655_667,GLGRSIT*sPTTLy,_GLGRSItsPTTLy_
TKL,MAP3K12,DLK,91.5,14,0.3636,36,Q12852,DLK,RBL2_655_667_T7_0b4224_O0xO,RBL2_655_667,GLGRSIT*sPTTLy,_GLGRSItsPTTLy_
CAMK,PRKD3,PRKD3,91.39,15,1.8605,4,O94806,PKD3,RBL2_655_667_T7_0b4224_O0xO,RBL2_655_667,GLGRSIT*sPTTLy,_GLGRSItsPTTLy_
TKL,ACVR1B,ALK4,90.94,16,0.7904,23,P36896,ALK4,RBL2_655_667_T7_0b4224_O0xO,RBL2_655_667,GLGRSIT*sPTTLy,_GLGRSItsPTTLy_
CAMK,PASK,PASK,90.18,17,0.9241,20,Q96RG2,PASK,RBL2_655_667_T7_0b4224_O0xO,RBL2_655_667,GLGRSIT*sPTTLy,_GLGRSItsPTTLy_
CAMK,PNCK,CAMK1B,90.06,18,1.6031,5,Q6P2M8,CAMK1B,RBL2_655_667_T7_0b4224_O0xO,RBL2_655_667,GLGRSIT*sPTTLy,_GLGRSItsPTTLy_
CAMK,CHEK1,CHK1,89.99,19,1.0418,17,O14757,CHK1,RBL2_655_667_T7_0b4224_O0xO,RBL2_655_667,GLGRSIT*sPTTLy,_GLGRSItsPTTLy_
CAMK,MYLK4,MYLK4,89.83,20,1.1367,14,Q86YV6,MYLK4,RBL2_655_667_T7_0b4224_O0xO,RBL2_655_667,GLGRSIT*sPTTLy,_GLGRSItsPTTLy_
CAMK,CAMK1D,CAMK1D,89.68,21,1.4571,7,Q8IU85,CAMK1D,RBL2_655_667_T7_0b4224_O0xO,RBL2_655_667,GLGRSIT*sPTTLy,_GLGRSItsPTTLy_
CAMK,MELK,MELK,89.47,22,0.937,19,Q14680,MELK,RBL2_655_667_T7_0b4224_O0xO,RBL2_655_667,GLGRSIT*sPTTLy,_GLGRSItsPTTLy_
CAMK,MAPKAPK5,MAPKAPK5,89.21,23,0.405,33,Q8IW41,MAPKAPK5,RBL2_655_667_T7_0b4224_O0xO,RBL2_655_667,GLGRSIT*sPTTLy,_GLGRSItsPTTLy_
AGC,CIT,CRIK,89.21,23,0.2682,37,O14578,CITRON,RBL2_655_667_T7_0b4224_O0xO,RBL2_655_667,GLGRSIT*sPTTLy,_GLGRSItsPTTLy_
CAMK,MAPKAPK3,MAPKAPK3,89.04,25,1.2574,12,Q16644,MAPKAPK3,RBL2_655_667_T7_0b4224_O0xO,RBL2_655_667,GLGRSIT*sPTTLy,_GLGRSItsPTTLy_
CK1,VRK1,VRK1,88.97,26,-1.498,128,Q99986,VRK1,RBL2_655_667_T7_0b4224_O0xO,RBL2_655_667,GLGRSIT*sPTTLy,_GLGRSItsPTTLy_
CAMK,DCLK2,DCAMKL2,88.83,27,0.644,28,Q8N568,DCAMKL2,RBL2_655_667_T7_0b4224_O0xO,RBL2_655_667,GLGRSIT*sPTTLy,_GLGRSItsPTTLy_
AGC,DMPK,DMPK1,88.53,28,-0.2331,63,Q09013,DMPK1,RBL2_655_667_T7_0b4224_O0xO,RBL2_655_667,GLGRSIT*sPTTLy,_GLGRSItsPTTLy_
CAMK,MYLK3,CAMLCK,88.36,29,1.2602,11,Q32MK0,caMLCK,RBL2_655_667_T7_0b4224_O0xO,RBL2_655_667,GLGRSIT*sPTTLy,_GLGRSItsPTTLy_
Other,BMP2K,BIKE,88.34,30,-1.4574,120,Q9NSY1,BIKE,RBL2_655_667_T7_0b4224_O0xO,RBL2_655_667,GLGRSIT*sPTTLy,_GLGRSItsPTTLy_
CAMK,TSSK2,TSSK2,88.28,31,0.7812,24,Q96PF2,TSSK2,RBL2_655_667_T7_0b4224_O0xO,RBL2_655_667,GLGRSIT*sPTTLy,_GLGRSItsPTTLy_
CAMK,MAPKAPK2,MAPKAPK2,88.04,32,1.3084,10,P49137,MAPKAPK2,RBL2_655_667_T7_0b4224_O0xO,RBL2_655_667,GLGRSIT*sPTTLy,_GLGRSItsPTTLy_
CAMK,CAMK1,CAMK1A,87.58,33,0.4097,32,Q14012,CAMK1A,RBL2_655_667_T7_0b4224_O0xO,RBL2_655_667,GLGRSIT*sPTTLy,_GLGRSItsPTTLy_
AGC,GRK3,GRK3,87.07,34,0.8693,22,P35626,GRK3,RBL2_655_667_T7_0b4224_O0xO,RBL2_655_667,GLGRSIT*sPTTLy,_GLGRSItsPTTLy_
TKL,BMPR1B,BMPR1B,87.02,35,1.1963,13,O00238,BMPR1B,RBL2_655_667_T7_0b4224_O0xO,RBL2_655_667,GLGRSIT*sPTTLy,_GLGRSItsPTTLy_
STE,MAP3K14,NIK,86.77,36,0.712,26,Q99558,NIK,RBL2_655_667_T7_0b4224_O0xO,RBL2_655_667,GLGRSIT*sPTTLy,_GLGRSItsPTTLy_
CAMK,CAMK1G,CAMK1G,86.06,37,0.0542,46,Q96NX5,CAMK1G,RBL2_655_667_T7_0b4224_O0xO,RBL2_655_667,GLGRSIT*sPTTLy,_GLGRSItsPTTLy_
Other,SBK1,SBK,85.32,38,0.87,21,Q52WX2,SBK,RBL2_655_667_T7_0b4224_O0xO,RBL2_655_667,GLGRSIT*sPTTLy,_GLGRSItsPTTLy_
Other,GAK,GAK,85.17,39,-0.946,98,O14976,GAK,RBL2_655_667_T7_0b4224_O0xO,RBL2_655_667,GLGRSIT*sPTTLy,_GLGRSItsPTTLy_
TKL,ACVR2A,ACVR2A,84.85,40,0.3977,34,P27037,ACVR2A,RBL2_655_667_T7_0b4224_O0xO,RBL2_655_667,GLGRSIT*sPTTLy,_GLGRSItsPTTLy_
CAMK,PRKD1,PRKD1,84.83,41,0.9472,18,Q15139,PKD1,RBL2_655_667_T7_0b4224_O0xO,RBL2_655_667,GLGRSIT*sPTTLy,_GLGRSItsPTTLy_
Other,TTK,TTK,84.7,42,-2.1931,163,P33981,TTK,RBL2_655_667_T7_0b4224_O0xO,RBL2_655_667,GLGRSIT*sPTTLy,_GLGRSItsPTTLy_
CK1,VRK2,VRK2,84.6,43,-1.1797,107,Q86Y07,VRK2,RBL2_655_667_T7_0b4224_O0xO,RBL2_655_667,GLGRSIT*sPTTLy,_GLGRSItsPTTLy_
CAMK,PIM2,PIM2,84.29,44,0.3881,35,Q9P1W9,PIM2,RBL2_655_667_T7_0b4224_O0xO,RBL2_655_667,GLGRSIT*sPTTLy,_GLGRSItsPTTLy_
CAMK,CAMK4,CAMK4,84.25,45,-0.0198,50,Q16566,CAMK4,RBL2_655_667_T7_0b4224_O0xO,RBL2_655_667,GLGRSIT*sPTTLy,_GLGRSItsPTTLy_
Other,AAK1,AAK1,83.94,46,-2.1605,159,Q2M2I8,AAK1,RBL2_655_667_T7_0b4224_O0xO,RBL2_655_667,GLGRSIT*sPTTLy,_GLGRSItsPTTLy_
CAMK,PRKD2,PRKD2,83.91,47,0.6237,29,Q9BZL6,PKD2,RBL2_655_667_T7_0b4224_O0xO,RBL2_655_667,GLGRSIT*sPTTLy,_GLGRSItsPTTLy_
TKL,RIPK1,RIPK1,83.89,48,-0.0603,54,Q13546,RIPK1,RBL2_655_667_T7_0b4224_O0xO,RBL2_655_667,GLGRSIT*sPTTLy,_GLGRSItsPTTLy_
TKL,BMPR1A,BMPR1A,83.86,49,0.1952,41,P36894,BMPR1A,RBL2_655_667_T7_0b4224_O0xO,RBL2_655_667,GLGRSIT*sPTTLy,_GLGRSItsPTTLy_
STE,MAP2K5,MEK5,83.81,50,-1.0696,100,Q13163,MEK5,RBL2_655_667_T7_0b4224_O0xO,RBL2_655_667,GLGRSIT*sPTTLy,_GLGRSItsPTTLy_
AGC,ROCK2,ROCK2,83.79,51,-0.6688,83,O75116,ROCK2,RBL2_655_667_T7_0b4224_O0xO,RBL2_655_667,GLGRSIT*sPTTLy,_GLGRSItsPTTLy_
CAMK,MYLK2,SKMLCK,83.68,52,-0.1529,58,Q9H1R3,skMLCK,RBL2_655_667_T7_0b4224_O0xO,RBL2_655_667,GLGRSIT*sPTTLy,_GLGRSItsPTTLy_
AGC,PKN1,PKN1,83.57,53,-0.819,89,Q16512,PKN1,RBL2_655_667_T7_0b4224_O0xO,RBL2_655_667,GLGRSIT*sPTTLy,_GLGRSItsPTTLy_
AGC,RPS6KB1,P70S6K,83.5,54,-0.2183,62,P23443,S6K1,RBL2_655_667_T7_0b4224_O0xO,RBL2_655_667,GLGRSIT*sPTTLy,_GLGRSItsPTTLy_
STE,MAP4K2,GCK,83.5,54,-1.1399,105,Q12851,GCK,RBL2_655_667_T7_0b4224_O0xO,RBL2_655_667,GLGRSIT*sPTTLy,_GLGRSItsPTTLy_
STE,MAP4K3,KHS2,83.42,56,-1.3122,114,Q8IVH8,KHS2,RBL2_655_667_T7_0b4224_O0xO,RBL2_655_667,GLGRSIT*sPTTLy,_GLGRSItsPTTLy_
TKL,ACVR2B,ACVR2B,83.18,57,0.2618,38,Q13705,ACVR2B,RBL2_655_667_T7_0b4224_O0xO,RBL2_655_667,GLGRSIT*sPTTLy,_GLGRSItsPTTLy_
Alpha,ALPK1,ALPHAK3,83.05,58,-1.5027,129,Q96QP1,ALPHAK3,RBL2_655_667_T7_0b4224_O0xO,RBL2_655_667,GLGRSIT*sPTTLy,_GLGRSItsPTTLy_
STE,MAP2K2,MEK2,82.73,59,-2.2429,166,P36507,MEK2,RBL2_655_667_T7_0b4224_O0xO,RBL2_655_667,GLGRSIT*sPTTLy,_GLGRSItsPTTLy_
Other,NEK11,NEK11,82.41,60,-1.2994,113,Q8NG66,NEK11,RBL2_655_667_T7_0b4224_O0xO,RBL2_655_667,GLGRSIT*sPTTLy,_GLGRSItsPTTLy_
CAMK,MARK1,MARK1,82.39,61,-0.724,84,Q9P0L2,MARK1,RBL2_655_667_T7_0b4224_O0xO,RBL2_655_667,GLGRSIT*sPTTLy,_GLGRSItsPTTLy_
STE,STK39,STLK3,82.35,62,-3.4774,252,Q9UEW8,STLK3,RBL2_655_667_T7_0b4224_O0xO,RBL2_655_667,GLGRSIT*sPTTLy,_GLGRSItsPTTLy_
AGC,CDC42BPA,MRCKA,82.17,63,-0.6165,81,Q5VT25,MRCKA,RBL2_655_667_T7_0b4224_O0xO,RBL2_655_667,GLGRSIT*sPTTLy,_GLGRSItsPTTLy_
STE,STK24,MST3,82.03,64,-0.7406,85,Q9Y6E0,MST3,RBL2_655_667_T7_0b4224_O0xO,RBL2_655_667,GLGRSIT*sPTTLy,_GLGRSItsPTTLy_
TKL,LRRK2,LRRK2,81.8,65,-1.4916,127,Q5S007,LRRK2,RBL2_655_667_T7_0b4224_O0xO,RBL2_655_667,GLGRSIT*sPTTLy,_GLGRSItsPTTLy_
TKL,ACVR1C,ALK7,81.57,66,0.7282,25,Q8NER5,ALK7,RBL2_655_667_T7_0b4224_O0xO,RBL2_655_667,GLGRSIT*sPTTLy,_GLGRSItsPTTLy_
CAMK,PRKAA1,AMPKA1,81.25,67,0.0901,45,Q13131,AMPKA1,RBL2_655_667_T7_0b4224_O0xO,RBL2_655_667,GLGRSIT*sPTTLy,_GLGRSItsPTTLy_
AGC,SGK1,SGK1,81.23,68,-0.1465,56,O00141,SGK1,RBL2_655_667_T7_0b4224_O0xO,RBL2_655_667,GLGRSIT*sPTTLy,_GLGRSItsPTTLy_
AGC,ROCK1,ROCK1,81.18,69,-1.4898,125,Q13464,ROCK1,RBL2_655_667_T7_0b4224_O0xO,RBL2_655_667,GLGRSIT*sPTTLy,_GLGRSItsPTTLy_
AGC,RPS6KB2,P70S6KB,80.37,70,0.2267,40,Q9UBS0,S6K2,RBL2_655_667_T7_0b4224_O0xO,RBL2_655_667,GLGRSIT*sPTTLy,_GLGRSItsPTTLy_
TKL,ACVR1,ALK2,80.33,71,-0.198,59,Q04771,ALK2,RBL2_655_667_T7_0b4224_O0xO,RBL2_655_667,GLGRSIT*sPTTLy,_GLGRSItsPTTLy_
CAMK,PRKAA2,AMPKA2,80.16,72,-0.0455,53,P54646,AMPKA2,RBL2_655_667_T7_0b4224_O0xO,RBL2_655_667,GLGRSIT*sPTTLy,_GLGRSItsPTTLy_
AGC,RPS6KA3,RSK2,80.14,73,0.259,39,P51812,RSK2,RBL2_655_667_T7_0b4224_O0xO,RBL2_655_667,GLGRSIT*sPTTLy,_GLGRSItsPTTLy_
CMGC,CDKL2,CDKL2,80.08,74,0.5999,30,Q92772,CDKL2,RBL2_655_667_T7_0b4224_O0xO,RBL2_655_667,GLGRSIT*sPTTLy,_GLGRSItsPTTLy_
CAMK,CAMK2D,CAMK2D,79.83,75,0.1708,43,Q13557,CAMK2D,RBL2_655_667_T7_0b4224_O0xO,RBL2_655_667,GLGRSIT*sPTTLy,_GLGRSItsPTTLy_
CAMK,TSSK3,TSSK3,79.29,76,-0.4952,74,Q96PN8,TSSK3,RBL2_655_667_T7_0b4224_O0xO,RBL2_655_667,GLGRSIT*sPTTLy,_GLGRSItsPTTLy_
CAMK,TSSK1B,TSSK1,79.05,77,-0.2034,60,Q9BXA7,TSSK1,RBL2_655_667_T7_0b4224_O0xO,RBL2_655_667,GLGRSIT*sPTTLy,_GLGRSItsPTTLy_
TKL,TGFBR1,TGFBR1,78.95,78,0.1856,42,P36897,TGFBR1,RBL2_655_667_T7_0b4224_O0xO,RBL2_655_667,GLGRSIT*sPTTLy,_GLGRSItsPTTLy_
AGC,RPS6KA1,P90RSK,78.71,79,0.0063,47,Q15418,RSK1,RBL2_655_667_T7_0b4224_O0xO,RBL2_655_667,GLGRSIT*sPTTLy,_GLGRSItsPTTLy_
CAMK,SIK2,QIK,78.52,80,-0.7535,86,Q9H0K1,QIK,RBL2_655_667_T7_0b4224_O0xO,RBL2_655_667,GLGRSIT*sPTTLy,_GLGRSItsPTTLy_
TKL,RIPK2,RIPK2,78.47,81,-2.3176,173,O43353,RIPK2,RBL2_655_667_T7_0b4224_O0xO,RBL2_655_667,GLGRSIT*sPTTLy,_GLGRSItsPTTLy_
AGC,RPS6KA5,MSK1,78.44,82,-0.503,75,O75582,MSK1,RBL2_655_667_T7_0b4224_O0xO,RBL2_655_667,GLGRSIT*sPTTLy,_GLGRSItsPTTLy_
AGC,CDC42BPB,MRCKB,78.4,83,-1.1559,106,Q9Y5S2,MRCKB,RBL2_655_667_T7_0b4224_O0xO,RBL2_655_667,GLGRSIT*sPTTLy,_GLGRSItsPTTLy_
CMGC,CDKL1,CDKL1,78.38,84,0.6738,27,Q00532,CDKL1,RBL2_655_667_T7_0b4224_O0xO,RBL2_655_667,GLGRSIT*sPTTLy,_GLGRSItsPTTLy_
CAMK,CAMK2A,CAMK2A,78.2,85,0.4625,31,Q9UQM7,CAMK2A,RBL2_655_667_T7_0b4224_O0xO,RBL2_655_667,GLGRSIT*sPTTLy,_GLGRSItsPTTLy_
STE,MAP3K5,ASK1,77.99,86,-2.9272,217,Q99683,ASK1,RBL2_655_667_T7_0b4224_O0xO,RBL2_655_667,GLGRSIT*sPTTLy,_GLGRSItsPTTLy_
CAMK,PIM1,PIM1,77.82,87,0.1494,44,P11309,PIM1,RBL2_655_667_T7_0b4224_O0xO,RBL2_655_667,GLGRSIT*sPTTLy,_GLGRSItsPTTLy_
AGC,AKT2,AKT2,77.3,88,-0.6018,78,P31751,AKT2,RBL2_655_667_T7_0b4224_O0xO,RBL2_655_667,GLGRSIT*sPTTLy,_GLGRSItsPTTLy_
AGC,RPS6KA4,MSK2,76.24,89,-0.9381,97,O75676,MSK2,RBL2_655_667_T7_0b4224_O0xO,RBL2_655_667,GLGRSIT*sPTTLy,_GLGRSItsPTTLy_
CAMK,DCLK1,DCAMKL1,76.11,90,-0.2807,67,O15075,DCAMKL1,RBL2_655_667_T7_0b4224_O0xO,RBL2_655_667,GLGRSIT*sPTTLy,_GLGRSItsPTTLy_
CAMK,NUAK2,NUAK2,75.83,91,-0.2072,61,Q9H093,NUAK2,RBL2_655_667_T7_0b4224_O0xO,RBL2_655_667,GLGRSIT*sPTTLy,_GLGRSItsPTTLy_
TKL,ACVRL1,ALK1,75.82,92,-0.2414,64,P37023,ALK1,RBL2_655_667_T7_0b4224_O0xO,RBL2_655_667,GLGRSIT*sPTTLy,_GLGRSItsPTTLy_
CAMK,SIK1,SIK,75.66,93,-1.185,108,P57059,SIK,RBL2_655_667_T7_0b4224_O0xO,RBL2_655_667,GLGRSIT*sPTTLy,_GLGRSItsPTTLy_
CAMK,BRSK1,BRSK1,75.51,94,-1.4181,118,Q8TDC3,BRSK1,RBL2_655_667_T7_0b4224_O0xO,RBL2_655_667,GLGRSIT*sPTTLy,_GLGRSItsPTTLy_
CAMK,MARK3,MARK3,75.42,95,-1.4734,124,P27448,MARK3,RBL2_655_667_T7_0b4224_O0xO,RBL2_655_667,GLGRSIT*sPTTLy,_GLGRSItsPTTLy_
CAMK,SIK3,QSK,75.03,96,-1.0653,99,Q9Y2K2,QSK,RBL2_655_667_T7_0b4224_O0xO,RBL2_655_667,GLGRSIT*sPTTLy,_GLGRSItsPTTLy_
STE,MAP4K5,KHS1,74.97,97,-1.9413,148,Q9Y4K4,KHS1,RBL2_655_667_T7_0b4224_O0xO,RBL2_655_667,GLGRSIT*sPTTLy,_GLGRSItsPTTLy_
STE,MINK1,MINK,74.62,98,-2.3022,171,Q8N4C8,MINK,RBL2_655_667_T7_0b4224_O0xO,RBL2_655_667,GLGRSIT*sPTTLy,_GLGRSItsPTTLy_
STE,STK10,LOK,74.61,99,-1.8333,144,O94804,LOK,RBL2_655_667_T7_0b4224_O0xO,RBL2_655_667,GLGRSIT*sPTTLy,_GLGRSItsPTTLy_
CAMK,CAMK2B,CAMK2B,74.46,100,-2e-4,49,Q13554,CAMK2B,RBL2_655_667_T7_0b4224_O0xO,RBL2_655_667,GLGRSIT*sPTTLy,_GLGRSItsPTTLy_
Other,AURKB,AURB,74.44,101,-1.5773,132,Q96GD4,AURB,RBL2_655_667_T7_0b4224_O0xO,RBL2_655_667,GLGRSIT*sPTTLy,_GLGRSItsPTTLy_
AGC,PKN2,PKN2,74.36,102,-0.8211,90,Q16513,PKN2,RBL2_655_667_T7_0b4224_O0xO,RBL2_655_667,GLGRSIT*sPTTLy,_GLGRSItsPTTLy_
CAMK,PHKG1,PHKG1,74.18,103,-1.3233,115,Q16816,PHKG1,RBL2_655_667_T7_0b4224_O0xO,RBL2_655_667,GLGRSIT*sPTTLy,_GLGRSItsPTTLy_
STE,MYO3B,MYO3B,74.09,104,-2.9606,222,Q8WXR4,MYO3B,RBL2_655_667_T7_0b4224_O0xO,RBL2_655_667,GLGRSIT*sPTTLy,_GLGRSItsPTTLy_
Other,AURKA,AURA,73.61,105,-1.6739,135,O14965,AURA,RBL2_655_667_T7_0b4224_O0xO,RBL2_655_667,GLGRSIT*sPTTLy,_GLGRSItsPTTLy_
AGC,PRKG2,PKG2,73.43,106,-1.4719,123,Q13237,PKG2,RBL2_655_667_T7_0b4224_O0xO,RBL2_655_667,GLGRSIT*sPTTLy,_GLGRSItsPTTLy_
CAMK,MARK2,MARK2,73.21,107,-1.4901,126,Q7KZI7,MARK2,RBL2_655_667_T7_0b4224_O0xO,RBL2_655_667,GLGRSIT*sPTTLy,_GLGRSItsPTTLy_
Other,CDC7,CDC7,72.63,108,-0.4161,72,O00311,CDC7,RBL2_655_667_T7_0b4224_O0xO,RBL2_655_667,GLGRSIT*sPTTLy,_GLGRSItsPTTLy_
Other,NEK1,NEK1,72.58,109,-2.1236,157,Q96PY6,NEK1,RBL2_655_667_T7_0b4224_O0xO,RBL2_655_667,GLGRSIT*sPTTLy,_GLGRSItsPTTLy_
AGC,STK32C,YANK3,72.46,110,-0.2612,66,Q86UX6,YANK3,RBL2_655_667_T7_0b4224_O0xO,RBL2_655_667,GLGRSIT*sPTTLy,_GLGRSItsPTTLy_
CAMK,BRSK2,BRSK2,72.41,111,-1.8023,142,Q8IWQ3,BRSK2,RBL2_655_667_T7_0b4224_O0xO,RBL2_655_667,GLGRSIT*sPTTLy,_GLGRSItsPTTLy_
Other,EIF2AK2,PKR,71.71,112,-1.0876,101,P19525,PKR,RBL2_655_667_T7_0b4224_O0xO,RBL2_655_667,GLGRSIT*sPTTLy,_GLGRSItsPTTLy_
TKL,RIPK4,ANKRD3,71.38,113,-0.9049,94,P57078,ANKRD3,RBL2_655_667_T7_0b4224_O0xO,RBL2_655_667,GLGRSIT*sPTTLy,_GLGRSItsPTTLy_
AGC,PRKCE,PKCE,70.96,114,-1.9142,146,Q02156,PKCE,RBL2_655_667_T7_0b4224_O0xO,RBL2_655_667,GLGRSIT*sPTTLy,_GLGRSItsPTTLy_
STE,TAOK2,TAO2,70.59,115,-1.9256,147,Q9UL54,TAO2,RBL2_655_667_T7_0b4224_O0xO,RBL2_655_667,GLGRSIT*sPTTLy,_GLGRSItsPTTLy_
STE,TAOK1,TAO1,70.27,116,-3.0815,229,Q7L7X3,TAO1,RBL2_655_667_T7_0b4224_O0xO,RBL2_655_667,GLGRSIT*sPTTLy,_GLGRSItsPTTLy_
Other,CAMKK2,CAMKK2,70.26,117,-2.7254,202,Q96RR4,CAMKK2,RBL2_655_667_T7_0b4224_O0xO,RBL2_655_667,GLGRSIT*sPTTLy,_GLGRSItsPTTLy_
Other,NEK8,NEK8,70.21,118,-1.9542,149,Q86SG6,NEK8,RBL2_655_667_T7_0b4224_O0xO,RBL2_655_667,GLGRSIT*sPTTLy,_GLGRSItsPTTLy_
AGC,PRKG1,PKG1,69.72,119,-3.5984,261,Q13976,PKG1,RBL2_655_667_T7_0b4224_O0xO,RBL2_655_667,GLGRSIT*sPTTLy,_GLGRSItsPTTLy_
Other,NEK4,NEK4,69.09,120,-2.0722,152,P51957,NEK4,RBL2_655_667_T7_0b4224_O0xO,RBL2_655_667,GLGRSIT*sPTTLy,_GLGRSItsPTTLy_
CK1,CSNK1A1L,CK1A2,67.95,121,-0.1503,57,Q8N752,CK1A2,RBL2_655_667_T7_0b4224_O0xO,RBL2_655_667,GLGRSIT*sPTTLy,_GLGRSItsPTTLy_
AGC,RPS6KA2,RSK3,67.34,122,-1.2918,112,Q15349,RSK3,RBL2_655_667_T7_0b4224_O0xO,RBL2_655_667,GLGRSIT*sPTTLy,_GLGRSItsPTTLy_
AGC,PRKACA,PKACA,67.24,123,-2.6483,198,P17612,PKACA,RBL2_655_667_T7_0b4224_O0xO,RBL2_655_667,GLGRSIT*sPTTLy,_GLGRSItsPTTLy_
AGC,SGK3,SGK3,66.89,124,-1.4127,117,Q96BR1,SGK3,RBL2_655_667_T7_0b4224_O0xO,RBL2_655_667,GLGRSIT*sPTTLy,_GLGRSItsPTTLy_
STE,PAK2,PAK2,65.84,125,-1.7751,140,Q13177,PAK2,RBL2_655_667_T7_0b4224_O0xO,RBL2_655_667,GLGRSIT*sPTTLy,_GLGRSItsPTTLy_
STE,MYO3A,MYO3A,65.69,126,-3.8395,273,Q8NEV4,MYO3A,RBL2_655_667_T7_0b4224_O0xO,RBL2_655_667,GLGRSIT*sPTTLy,_GLGRSItsPTTLy_
TKL,RAF1,RAF1,65.34,127,-0.61240000000000006,80,P04049,RAF1,RBL2_655_667_T7_0b4224_O0xO,RBL2_655_667,GLGRSIT*sPTTLy,_GLGRSItsPTTLy_
CAMK,PIM3,PIM3,65.32,128,-0.5653,77,Q86V86,PIM3,RBL2_655_667_T7_0b4224_O0xO,RBL2_655_667,GLGRSIT*sPTTLy,_GLGRSItsPTTLy_
Other,PLK1,PLK1,65.27,129,-1.1286,103,P53350,PLK1,RBL2_655_667_T7_0b4224_O0xO,RBL2_655_667,GLGRSIT*sPTTLy,_GLGRSItsPTTLy_
STE,STK25,YSK1,65.14,130,-3.0857,230,O00506,YSK1,RBL2_655_667_T7_0b4224_O0xO,RBL2_655_667,GLGRSIT*sPTTLy,_GLGRSItsPTTLy_
AGC,AKT1,AKT1,64.87,131,-2.2325,165,P31749,AKT1,RBL2_655_667_T7_0b4224_O0xO,RBL2_655_667,GLGRSIT*sPTTLy,_GLGRSItsPTTLy_
CMGC,CLK4,CLK4,64.58,132,-0.3108,69,Q9HAZ1,CLK4,RBL2_655_667_T7_0b4224_O0xO,RBL2_655_667,GLGRSIT*sPTTLy,_GLGRSItsPTTLy_
STE,MAP3K15,MAP3K15,64.44,133,-2.5187,188,Q6ZN16,ASK3,RBL2_655_667_T7_0b4224_O0xO,RBL2_655_667,GLGRSIT*sPTTLy,_GLGRSItsPTTLy_
CMGC,CDKL5,CDKL5,64.42,134,-0.3338,70,O76039,CDKL5,RBL2_655_667_T7_0b4224_O0xO,RBL2_655_667,GLGRSIT*sPTTLy,_GLGRSItsPTTLy_
AGC,RPS6KA6,RSK4,64.22,135,-1.6837,136,Q9UK32,RSK4,RBL2_655_667_T7_0b4224_O0xO,RBL2_655_667,GLGRSIT*sPTTLy,_GLGRSItsPTTLy_
CAMK,SNRK,SNRK,64.05,136,-2.8616,210,Q9NRH2,SNRK,RBL2_655_667_T7_0b4224_O0xO,RBL2_655_667,GLGRSIT*sPTTLy,_GLGRSItsPTTLy_
Other,ULK3,ULK3,63.76,137,-2.4528,184,Q6PHR2,ULK3,RBL2_655_667_T7_0b4224_O0xO,RBL2_655_667,GLGRSIT*sPTTLy,_GLGRSItsPTTLy_
STE,SLK,SLK,63.1,138,-2.7386,204,Q9H2G2,SLK,RBL2_655_667_T7_0b4224_O0xO,RBL2_655_667,GLGRSIT*sPTTLy,_GLGRSItsPTTLy_
CMGC,MOK,MOK,62.95,139,-0.6036,79,Q9UQ07,MOK,RBL2_655_667_T7_0b4224_O0xO,RBL2_655_667,GLGRSIT*sPTTLy,_GLGRSItsPTTLy_
TKL,IRAK1,IRAK1,62.22,140,-2.4776,185,P51617,IRAK1,RBL2_655_667_T7_0b4224_O0xO,RBL2_655_667,GLGRSIT*sPTTLy,_GLGRSItsPTTLy_
TKL,BRAF,BRAF,62.13,141,-1.7981,141,P15056,BRAF,RBL2_655_667_T7_0b4224_O0xO,RBL2_655_667,GLGRSIT*sPTTLy,_GLGRSItsPTTLy_
CAMK,TSSK6,SSTK,61.88,142,-2.5173,187,Q9BXA6,SSTK,RBL2_655_667_T7_0b4224_O0xO,RBL2_655_667,GLGRSIT*sPTTLy,_GLGRSItsPTTLy_
STE,STK4,MST1,61.79,143,-2.4834,186,Q13043,MST1,RBL2_655_667_T7_0b4224_O0xO,RBL2_655_667,GLGRSIT*sPTTLy,_GLGRSItsPTTLy_
Other,MOS,MOS,61.68,144,-0.0831,55,P00540,MOS,RBL2_655_667_T7_0b4224_O0xO,RBL2_655_667,GLGRSIT*sPTTLy,_GLGRSItsPTTLy_
Other,CSNK2A1,CK2A1,61.63,145,-3.2781,243,P68400,CK2A1,RBL2_655_667_T7_0b4224_O0xO,RBL2_655_667,GLGRSIT*sPTTLy,_GLGRSItsPTTLy_
STE,PAK6,PAK6,61.56,146,-2.6597,200,Q9NQU5,PAK6,RBL2_655_667_T7_0b4224_O0xO,RBL2_655_667,GLGRSIT*sPTTLy,_GLGRSItsPTTLy_
PIKK,SMG1,SMG1,61.45,147,-1.4672,122,Q96Q15,SMG1,RBL2_655_667_T7_0b4224_O0xO,RBL2_655_667,GLGRSIT*sPTTLy,_GLGRSItsPTTLy_
CMGC,CILK1,ICK,60.81,148,-1.619,133,Q9UPZ9,ICK,RBL2_655_667_T7_0b4224_O0xO,RBL2_655_667,GLGRSIT*sPTTLy,_GLGRSItsPTTLy_
CMGC,HIPK3,HIPK3,60.78,149,0.0054,48,Q9H422,HIPK3,RBL2_655_667_T7_0b4224_O0xO,RBL2_655_667,GLGRSIT*sPTTLy,_GLGRSItsPTTLy_
TKL,TGFBR2,TGFBR2,60.56,150,-1.672,134,P37173,TGFBR2,RBL2_655_667_T7_0b4224_O0xO,RBL2_655_667,GLGRSIT*sPTTLy,_GLGRSItsPTTLy_
STE,OXSR1,OSR1,60.04,151,-3.5919,260,O95747,OSR1,RBL2_655_667_T7_0b4224_O0xO,RBL2_655_667,GLGRSIT*sPTTLy,_GLGRSItsPTTLy_
AGC,PRKCI,PKCI,59.84,152,-2.602,195,P41743,PKCI,RBL2_655_667_T7_0b4224_O0xO,RBL2_655_667,GLGRSIT*sPTTLy,_GLGRSItsPTTLy_
CAMK,NUAK1,NUAK1,59.63,153,-2.2568,169,O60285,NUAK1,RBL2_655_667_T7_0b4224_O0xO,RBL2_655_667,GLGRSIT*sPTTLy,_GLGRSItsPTTLy_
CMGC,SRPK3,SRPK3,59.19,154,-1.1396,104,Q9UPE1,SRPK3,RBL2_655_667_T7_0b4224_O0xO,RBL2_655_667,GLGRSIT*sPTTLy,_GLGRSItsPTTLy_
AGC,PRKX,PRKX,58.95,155,-3.1,232,P51817,PRKX,RBL2_655_667_T7_0b4224_O0xO,RBL2_655_667,GLGRSIT*sPTTLy,_GLGRSItsPTTLy_
STE,TAOK3,TAO3,58.84,156,-1.8147,143,Q9H2K8,TAO3,RBL2_655_667_T7_0b4224_O0xO,RBL2_655_667,GLGRSIT*sPTTLy,_GLGRSItsPTTLy_
CAMK,PHKG2,PHKG2,58.54,157,-3.6439,265,P15735,PHKG2,RBL2_655_667_T7_0b4224_O0xO,RBL2_655_667,GLGRSIT*sPTTLy,_GLGRSItsPTTLy_
AGC,PRKACB,PKACB,58.28,158,-2.7748,207,P22694,PKACB,RBL2_655_667_T7_0b4224_O0xO,RBL2_655_667,GLGRSIT*sPTTLy,_GLGRSItsPTTLy_
AGC,AKT3,AKT3,58.14,159,-3.5144,255,Q9Y243,AKT3,RBL2_655_667_T7_0b4224_O0xO,RBL2_655_667,GLGRSIT*sPTTLy,_GLGRSItsPTTLy_
STE,STK3,MST2,57.95,160,-3.097,231,Q13188,MST2,RBL2_655_667_T7_0b4224_O0xO,RBL2_655_667,GLGRSIT*sPTTLy,_GLGRSItsPTTLy_
AGC,GRK6,GRK6,57.64,161,-0.8554,91,P43250,GRK6,RBL2_655_667_T7_0b4224_O0xO,RBL2_655_667,GLGRSIT*sPTTLy,_GLGRSItsPTTLy_
CMGC,CLK1,CLK1,57.59,162,-1.0918,102,P49759,CLK1,RBL2_655_667_T7_0b4224_O0xO,RBL2_655_667,GLGRSIT*sPTTLy,_GLGRSItsPTTLy_
CAMK,TSSK4,TSSK4,57.3,163,-1.4251,119,Q6SA08,TSSK4,RBL2_655_667_T7_0b4224_O0xO,RBL2_655_667,GLGRSIT*sPTTLy,_GLGRSItsPTTLy_
CMGC,DYRK1A,DYRK1A,56.35,164,-0.661,82,Q13627,DYRK1A,RBL2_655_667_T7_0b4224_O0xO,RBL2_655_667,GLGRSIT*sPTTLy,_GLGRSItsPTTLy_
CMGC,HIPK1,HIPK1,56.32,165,-0.293,68,Q86Z02,HIPK1,RBL2_655_667_T7_0b4224_O0xO,RBL2_655_667,GLGRSIT*sPTTLy,_GLGRSItsPTTLy_
CMGC,HIPK4,HIPK4,55.17,166,-0.4459,73,Q8NE63,HIPK4,RBL2_655_667_T7_0b4224_O0xO,RBL2_655_667,GLGRSIT*sPTTLy,_GLGRSItsPTTLy_
Other,CAMKK1,CAMKK1,54.36,167,-2.8626,211,Q8N5S9,CAMKK1,RBL2_655_667_T7_0b4224_O0xO,RBL2_655_667,GLGRSIT*sPTTLy,_GLGRSItsPTTLy_
Other,AURKC,AURC,54.13,168,-2.9648,223,Q9UQB9,AURC,RBL2_655_667_T7_0b4224_O0xO,RBL2_655_667,GLGRSIT*sPTTLy,_GLGRSItsPTTLy_
CMGC,DYRK3,DYRK3,54.04,169,-1.2123,109,O43781,DYRK3,RBL2_655_667_T7_0b4224_O0xO,RBL2_655_667,GLGRSIT*sPTTLy,_GLGRSItsPTTLy_
TKL,RIPK3,RIPK3,54.03,170,-2.2249,164,Q9Y572,RIPK3,RBL2_655_667_T7_0b4224_O0xO,RBL2_655_667,GLGRSIT*sPTTLy,_GLGRSItsPTTLy_
STE,PAK5,PAK5,53.54,171,-4.0938,281,Q9P286,PAK5,RBL2_655_667_T7_0b4224_O0xO,RBL2_655_667,GLGRSIT*sPTTLy,_GLGRSItsPTTLy_
Other,WNK4,WNK4,53.27,172,-2.2528,167,Q96J92,WNK4,RBL2_655_667_T7_0b4224_O0xO,RBL2_655_667,GLGRSIT*sPTTLy,_GLGRSItsPTTLy_
CMGC,MAK,MAK,53.26,173,-1.5618,131,P20794,MAK,RBL2_655_667_T7_0b4224_O0xO,RBL2_655_667,GLGRSIT*sPTTLy,_GLGRSItsPTTLy_
Other,NEK3,NEK3,53.01,174,-3.2713,242,P51956,NEK3,RBL2_655_667_T7_0b4224_O0xO,RBL2_655_667,GLGRSIT*sPTTLy,_GLGRSItsPTTLy_
STE,PAK1,PAK1,52.42,175,-2.3277,174,Q13153,PAK1,RBL2_655_667_T7_0b4224_O0xO,RBL2_655_667,GLGRSIT*sPTTLy,_GLGRSItsPTTLy_
Alpha,TRPM7,CHAK1,52.39,176,-2.4433,183,Q96QT4,TRPM7,RBL2_655_667_T7_0b4224_O0xO,RBL2_655_667,GLGRSIT*sPTTLy,_GLGRSItsPTTLy_
CAMK,STK33,STK33,52.21,177,-3.1302,236,Q9BYT3,STK33,RBL2_655_667_T7_0b4224_O0xO,RBL2_655_667,GLGRSIT*sPTTLy,_GLGRSItsPTTLy_
STE,MAP4K4,HGK,52.21,177,-3.1198,234,O95819,HGK,RBL2_655_667_T7_0b4224_O0xO,RBL2_655_667,GLGRSIT*sPTTLy,_GLGRSItsPTTLy_
Other,EIF2AK3,PERK,52.06,179,-2.33,175,Q9NZJ5,PERK,RBL2_655_667_T7_0b4224_O0xO,RBL2_655_667,GLGRSIT*sPTTLy,_GLGRSItsPTTLy_
AGC,STK32B,YANK2,52.01,180,-2.0033,151,Q9NY57,YANK2,RBL2_655_667_T7_0b4224_O0xO,RBL2_655_667,GLGRSIT*sPTTLy,_GLGRSItsPTTLy_
CMGC,DYRK1B,DYRK1B,51.89,181,-1.2362,111,Q9Y463,DYRK1B,RBL2_655_667_T7_0b4224_O0xO,RBL2_655_667,GLGRSIT*sPTTLy,_GLGRSItsPTTLy_
CMGC,CLK3,CLK3,51.84,182,-0.922,96,P49761,CLK3,RBL2_655_667_T7_0b4224_O0xO,RBL2_655_667,GLGRSIT*sPTTLy,_GLGRSItsPTTLy_
STE,PAK3,PAK3,50.84,183,-2.5416,190,O75914,PAK3,RBL2_655_667_T7_0b4224_O0xO,RBL2_655_667,GLGRSIT*sPTTLy,_GLGRSItsPTTLy_
AGC,PKN3,PKN3,50.8,184,-0.8617,92,Q6P5Z2,PKN3,RBL2_655_667_T7_0b4224_O0xO,RBL2_655_667,GLGRSIT*sPTTLy,_GLGRSItsPTTLy_
CMGC,SRPK1,SRPK1,50.74,185,-1.2356,110,Q96SB4,SRPK1,RBL2_655_667_T7_0b4224_O0xO,RBL2_655_667,GLGRSIT*sPTTLy,_GLGRSItsPTTLy_
TKL,IRAK4,IRAK4,50.15,186,-2.7418,205,Q9NWZ3,IRAK4,RBL2_655_667_T7_0b4224_O0xO,RBL2_655_667,GLGRSIT*sPTTLy,_GLGRSItsPTTLy_
Other,CSNK2A2,CK2A2,50.14,187,-4.0446,280,P19784,CK2A2,RBL2_655_667_T7_0b4224_O0xO,RBL2_655_667,GLGRSIT*sPTTLy,_GLGRSItsPTTLy_
Other,PBK,PBK,49.85,188,-4.1486,282,Q96KB5,PBK,RBL2_655_667_T7_0b4224_O0xO,RBL2_655_667,GLGRSIT*sPTTLy,_GLGRSItsPTTLy_
STE,MAP3K3,MEKK3,49.81,189,-2.2566,168,Q99759,MEKK3,RBL2_655_667_T7_0b4224_O0xO,RBL2_655_667,GLGRSIT*sPTTLy,_GLGRSItsPTTLy_
STE,MAP3K19,YSK4,49.14,190,-2.3791,178,Q56UN5,YSK4,RBL2_655_667_T7_0b4224_O0xO,RBL2_655_667,GLGRSIT*sPTTLy,_GLGRSItsPTTLy_
CMGC,SRPK2,SRPK2,49.13,191,-1.8864,145,P78362,SRPK2,RBL2_655_667_T7_0b4224_O0xO,RBL2_655_667,GLGRSIT*sPTTLy,_GLGRSItsPTTLy_
STE,TNIK,TNIK,48.54,192,-3.2826,245,Q9UKE5,TNIK,RBL2_655_667_T7_0b4224_O0xO,RBL2_655_667,GLGRSIT*sPTTLy,_GLGRSItsPTTLy_
Alpha,EEF2K,EEF2K,48.34,193,-3.5119,254,O00418,EEF2K,RBL2_655_667_T7_0b4224_O0xO,RBL2_655_667,GLGRSIT*sPTTLy,_GLGRSItsPTTLy_
CAMK,MARK4,MARK4,48.07,194,-2.1755,161,Q96L34,MARK4,RBL2_655_667_T7_0b4224_O0xO,RBL2_655_667,GLGRSIT*sPTTLy,_GLGRSItsPTTLy_
Other,EIF2AK1,HRI,47.43,195,-2.4255,181,Q9BQI3,HRI,RBL2_655_667_T7_0b4224_O0xO,RBL2_655_667,GLGRSIT*sPTTLy,_GLGRSItsPTTLy_
STE,PAK4,PAK4,47.15,196,-4.8181,295,O96013,PAK4,RBL2_655_667_T7_0b4224_O0xO,RBL2_655_667,GLGRSIT*sPTTLy,_GLGRSItsPTTLy_
CMGC,DYRK4,DYRK4,46.33,197,-1.6999,137,Q9NR20,DYRK4,RBL2_655_667_T7_0b4224_O0xO,RBL2_655_667,GLGRSIT*sPTTLy,_GLGRSItsPTTLy_
AGC,PRKCA,PKCA,46.02,198,-2.884,214,P17252,PKCA,RBL2_655_667_T7_0b4224_O0xO,RBL2_655_667,GLGRSIT*sPTTLy,_GLGRSItsPTTLy_
AGC,PRKACG,PKACG,45.93,199,-3.0255,227,P22612,PKACG,RBL2_655_667_T7_0b4224_O0xO,RBL2_655_667,GLGRSIT*sPTTLy,_GLGRSItsPTTLy_
AGC,PRKCQ,PKCT,45.47,200,-3.7549,267,Q04759,PKCT,RBL2_655_667_T7_0b4224_O0xO,RBL2_655_667,GLGRSIT*sPTTLy,_GLGRSItsPTTLy_
CMGC,HIPK2,HIPK2,45.34,201,-2.0869,153,Q9H2X6,HIPK2,RBL2_655_667_T7_0b4224_O0xO,RBL2_655_667,GLGRSIT*sPTTLy,_GLGRSItsPTTLy_
CMGC,DYRK2,DYRK2,44.77,202,-1.4649,121,Q92630,DYRK2,RBL2_655_667_T7_0b4224_O0xO,RBL2_655_667,GLGRSIT*sPTTLy,_GLGRSItsPTTLy_
CMGC,PRPF4B,PRP4,44.69,203,-2.1001,155,Q13523,PRP4,RBL2_655_667_T7_0b4224_O0xO,RBL2_655_667,GLGRSIT*sPTTLy,_GLGRSItsPTTLy_
AGC,GRK5,GRK5,44.69,203,-1.5582,130,P34947,GRK5,RBL2_655_667_T7_0b4224_O0xO,RBL2_655_667,GLGRSIT*sPTTLy,_GLGRSItsPTTLy_
CMGC,CDK14,CDK14,44.36,205,-2.3473,176,O94921,CDK14,RBL2_655_667_T7_0b4224_O0xO,RBL2_655_667,GLGRSIT*sPTTLy,_GLGRSItsPTTLy_
Other,CHUK,IKKA,44.09,206,-2.3054,172,O15111,IKKA,RBL2_655_667_T7_0b4224_O0xO,RBL2_655_667,GLGRSIT*sPTTLy,_GLGRSItsPTTLy_
CMGC,GSK3B,GSK3B,43.96,207,-0.0268,51,P49841,GSK3B,RBL2_655_667_T7_0b4224_O0xO,RBL2_655_667,GLGRSIT*sPTTLy,_GLGRSItsPTTLy_
CAMK,STK11,LKB1,43,208,-2.9308,218,Q15831,LKB1,RBL2_655_667_T7_0b4224_O0xO,RBL2_655_667,GLGRSIT*sPTTLy,_GLGRSItsPTTLy_
STE,STK26,MST4,42.76,209,-2.5582,191,Q9P289,MST4,RBL2_655_667_T7_0b4224_O0xO,RBL2_655_667,GLGRSIT*sPTTLy,_GLGRSItsPTTLy_
Other,HASPIN,HASPIN,42.52,210,-4.3846,286,Q8TF76,HASPIN,RBL2_655_667_T7_0b4224_O0xO,RBL2_655_667,GLGRSIT*sPTTLy,_GLGRSItsPTTLy_
Alpha,TRPM6,CHAK2,42.14,211,-2.1628,160,Q9BX84,TRPM6,RBL2_655_667_T7_0b4224_O0xO,RBL2_655_667,GLGRSIT*sPTTLy,_GLGRSItsPTTLy_
AGC,MASTL,MASTL,41.99,212,-1.7146,138,Q96GX5,MASTL,RBL2_655_667_T7_0b4224_O0xO,RBL2_655_667,GLGRSIT*sPTTLy,_GLGRSItsPTTLy_
AGC,PRKCH,PKCH,41.74,213,-3.5212,257,P24723,PKCH,RBL2_655_667_T7_0b4224_O0xO,RBL2_655_667,GLGRSIT*sPTTLy,_GLGRSItsPTTLy_
CMGC,CLK2,CLK2,41.68,214,-2.0871,154,P49760,CLK2,RBL2_655_667_T7_0b4224_O0xO,RBL2_655_667,GLGRSIT*sPTTLy,_GLGRSItsPTTLy_
AGC,PRKCZ,PKCZ,40.82,215,-2.9478,219,Q05513,PKCZ,RBL2_655_667_T7_0b4224_O0xO,RBL2_655_667,GLGRSIT*sPTTLy,_GLGRSItsPTTLy_
CMGC,CDK10,CDK10,40.66,216,-3.4085,248,Q15131,CDK10,RBL2_655_667_T7_0b4224_O0xO,RBL2_655_667,GLGRSIT*sPTTLy,_GLGRSItsPTTLy_
CAMK,MKNK1,MNK1,40.5,217,-3.5541,259,Q9BUB5,MNK1,RBL2_655_667_T7_0b4224_O0xO,RBL2_655_667,GLGRSIT*sPTTLy,_GLGRSItsPTTLy_
TKL,MAP3K20,ZAK,40.37,218,-3.1328,237,Q9NYL2,ZAK,RBL2_655_667_T7_0b4224_O0xO,RBL2_655_667,GLGRSIT*sPTTLy,_GLGRSItsPTTLy_
Other,WNK2,WNK2,39.51,219,-2.1565,158,Q9Y3S1,WNK2,RBL2_655_667_T7_0b4224_O0xO,RBL2_655_667,GLGRSIT*sPTTLy,_GLGRSItsPTTLy_
Other,WNK1,WNK1,39.35,220,-2.4087,179,Q9H4A3,WNK1,RBL2_655_667_T7_0b4224_O0xO,RBL2_655_667,GLGRSIT*sPTTLy,_GLGRSItsPTTLy_
Other,NEK5,NEK5,39.18,221,-2.914,216,Q6P3R8,NEK5,RBL2_655_667_T7_0b4224_O0xO,RBL2_655_667,GLGRSIT*sPTTLy,_GLGRSItsPTTLy_
CMGC,NLK,NLK,38.93,222,-0.8091,88,Q9UBE8,NLK,RBL2_655_667_T7_0b4224_O0xO,RBL2_655_667,GLGRSIT*sPTTLy,_GLGRSItsPTTLy_
AGC,STK38,NDR1,38.37,223,-2.8945,215,Q15208,NDR1,RBL2_655_667_T7_0b4224_O0xO,RBL2_655_667,GLGRSIT*sPTTLy,_GLGRSItsPTTLy_
AGC,PRKCD,PKCD,38.12,224,-2.675,201,Q05655,PKCD,RBL2_655_667_T7_0b4224_O0xO,RBL2_655_667,GLGRSIT*sPTTLy,_GLGRSItsPTTLy_
CMGC,CDK4,CDK4,37.65,225,-3.1935,239,P11802,CDK4,RBL2_655_667_T7_0b4224_O0xO,RBL2_655_667,GLGRSIT*sPTTLy,_GLGRSItsPTTLy_
STE,MAP3K2,MEKK2,37.12,226,-2.8596,209,Q9Y2U5,MEKK2,RBL2_655_667_T7_0b4224_O0xO,RBL2_655_667,GLGRSIT*sPTTLy,_GLGRSItsPTTLy_
Other,NEK2,NEK2,36.6,227,-3.0339,228,P51955,NEK2,RBL2_655_667_T7_0b4224_O0xO,RBL2_655_667,GLGRSIT*sPTTLy,_GLGRSItsPTTLy_
AGC,LATS2,LATS2,36.51,228,-3.1259,235,Q9NRM7,LATS2,RBL2_655_667_T7_0b4224_O0xO,RBL2_655_667,GLGRSIT*sPTTLy,_GLGRSItsPTTLy_
CMGC,CDK7,CDK7,36.17,229,-2.5403,189,P50613,CDK7,RBL2_655_667_T7_0b4224_O0xO,RBL2_655_667,GLGRSIT*sPTTLy,_GLGRSItsPTTLy_
AGC,PRKCG,PKCG,36.01,230,-3.8045,271,P05129,PKCG,RBL2_655_667_T7_0b4224_O0xO,RBL2_655_667,GLGRSIT*sPTTLy,_GLGRSItsPTTLy_
PIKK,ATR,ATR,36.01,230,-0.9143,95,Q13535,ATR,RBL2_655_667_T7_0b4224_O0xO,RBL2_655_667,GLGRSIT*sPTTLy,_GLGRSItsPTTLy_
CK1,CSNK1G3,CK1G3,34.06,232,-2.6554,199,Q9Y6M4,CK1G3,RBL2_655_667_T7_0b4224_O0xO,RBL2_655_667,GLGRSIT*sPTTLy,_GLGRSItsPTTLy_
Other,TLK1,TLK1,33.84,233,-3.4336,250,Q9UKI8,TLK1,RBL2_655_667_T7_0b4224_O0xO,RBL2_655_667,GLGRSIT*sPTTLy,_GLGRSItsPTTLy_
AGC,PRKCB,PKCB,33.58,234,-3.9096,276,P05771,PKCB,RBL2_655_667_T7_0b4224_O0xO,RBL2_655_667,GLGRSIT*sPTTLy,_GLGRSItsPTTLy_
Other,PLK2,PLK2,33.54,235,-3.8855,274,Q9NYY3,PLK2,RBL2_655_667_T7_0b4224_O0xO,RBL2_655_667,GLGRSIT*sPTTLy,_GLGRSItsPTTLy_
Other,PINK1,PINK1,33.27,236,-2.3554,177,Q9BXM7,PINK1,RBL2_655_667_T7_0b4224_O0xO,RBL2_655_667,GLGRSIT*sPTTLy,_GLGRSItsPTTLy_
Other,NEK9,NEK9,32.92,237,-2.6405,197,Q8TD19,NEK9,RBL2_655_667_T7_0b4224_O0xO,RBL2_655_667,GLGRSIT*sPTTLy,_GLGRSItsPTTLy_
TKL,MAP3K11,MLK3,32.89,238,-2.9981,225,Q16584,MLK3,RBL2_655_667_T7_0b4224_O0xO,RBL2_655_667,GLGRSIT*sPTTLy,_GLGRSItsPTTLy_
CK1,TTBK1,TTBK1,32.81,239,-4.6101,290,Q5TCY1,TTBK1,RBL2_655_667_T7_0b4224_O0xO,RBL2_655_667,GLGRSIT*sPTTLy,_GLGRSItsPTTLy_
CMGC,MAPK11,P38B,32.61,240,-2.8657,212,Q15759,P38B,RBL2_655_667_T7_0b4224_O0xO,RBL2_655_667,GLGRSIT*sPTTLy,_GLGRSItsPTTLy_
Other,STK16,MPSK1,32.31,241,-3.2207,240,O75716,MPSK1,RBL2_655_667_T7_0b4224_O0xO,RBL2_655_667,GLGRSIT*sPTTLy,_GLGRSItsPTTLy_
Other,IKBKB,IKKB,32.13,242,-2.4357,182,O14920,IKKB,RBL2_655_667_T7_0b4224_O0xO,RBL2_655_667,GLGRSIT*sPTTLy,_GLGRSItsPTTLy_
CMGC,CDK5,CDK5,31.25,243,-3.5107,253,Q00535,CDK5,RBL2_655_667_T7_0b4224_O0xO,RBL2_655_667,GLGRSIT*sPTTLy,_GLGRSItsPTTLy_
CMGC,MAPK14,P38A,31.08,244,-2.4247,180,Q16539,P38A,RBL2_655_667_T7_0b4224_O0xO,RBL2_655_667,GLGRSIT*sPTTLy,_GLGRSItsPTTLy_
CAMK,MKNK2,MNK2,30.22,245,-3.4754,251,Q9HBH9,MNK2,RBL2_655_667_T7_0b4224_O0xO,RBL2_655_667,GLGRSIT*sPTTLy,_GLGRSItsPTTLy_
CK1,CSNK1A1,CK1A,30.04,246,-2.2734,170,P48729,CK1A,RBL2_655_667_T7_0b4224_O0xO,RBL2_655_667,GLGRSIT*sPTTLy,_GLGRSItsPTTLy_
Other,WNK3,WNK3,29.76,247,-3.1055,233,Q9BYP7,WNK3,RBL2_655_667_T7_0b4224_O0xO,RBL2_655_667,GLGRSIT*sPTTLy,_GLGRSItsPTTLy_
PIKK,ATM,ATM,29.56,248,-2.5644,193,Q13315,ATM,RBL2_655_667_T7_0b4224_O0xO,RBL2_655_667,GLGRSIT*sPTTLy,_GLGRSItsPTTLy_
CK1,CSNK1G2,CK1G2,28.89,249,-2.8811,213,P78368,CK1G2,RBL2_655_667_T7_0b4224_O0xO,RBL2_655_667,GLGRSIT*sPTTLy,_GLGRSItsPTTLy_
CAMK,NIM1K,NIM1,28.78,250,-3.4033,247,Q8IY84,NIM1,RBL2_655_667_T7_0b4224_O0xO,RBL2_655_667,GLGRSIT*sPTTLy,_GLGRSItsPTTLy_
CMGC,MAPK12,P38G,27.9,251,-3.1777,238,P53778,P38G,RBL2_655_667_T7_0b4224_O0xO,RBL2_655_667,GLGRSIT*sPTTLy,_GLGRSItsPTTLy_
CK1,CSNK1D,CK1D,27.83,252,-3.7607,268,P48730,CK1D,RBL2_655_667_T7_0b4224_O0xO,RBL2_655_667,GLGRSIT*sPTTLy,_GLGRSItsPTTLy_
Other,PLK3,PLK3,27.72,253,-3.3761,246,Q9H4B4,PLK3,RBL2_655_667_T7_0b4224_O0xO,RBL2_655_667,GLGRSIT*sPTTLy,_GLGRSItsPTTLy_
TKL,MAP3K10,MLK2,27.63,254,-2.5689,194,Q02779,MLK2,RBL2_655_667_T7_0b4224_O0xO,RBL2_655_667,GLGRSIT*sPTTLy,_GLGRSItsPTTLy_
CMGC,MAPK9,JNK2,27.44,255,-2.5583,192,P45984,JNK2,RBL2_655_667_T7_0b4224_O0xO,RBL2_655_667,GLGRSIT*sPTTLy,_GLGRSItsPTTLy_
STE,MAP3K1,MEKK1,26.82,256,-3.2798,244,Q13233,MEKK1,RBL2_655_667_T7_0b4224_O0xO,RBL2_655_667,GLGRSIT*sPTTLy,_GLGRSItsPTTLy_
TKL,MAP3K9,MLK1,25.43,257,-2.9514,221,P80192,MLK1,RBL2_655_667_T7_0b4224_O0xO,RBL2_655_667,GLGRSIT*sPTTLy,_GLGRSItsPTTLy_
TKL,BMPR2,BMPR2,24.96,258,-0.7787,87,Q13873,BMPR2,RBL2_655_667_T7_0b4224_O0xO,RBL2_655_667,GLGRSIT*sPTTLy,_GLGRSItsPTTLy_
CMGC,CDK15,CDK15,24.83,259,-2.9911,224,Q96Q40,CDK15,RBL2_655_667_T7_0b4224_O0xO,RBL2_655_667,GLGRSIT*sPTTLy,_GLGRSItsPTTLy_
AGC,LATS1,LATS1,24.67,260,-2.8083,208,O95835,LATS1,RBL2_655_667_T7_0b4224_O0xO,RBL2_655_667,GLGRSIT*sPTTLy,_GLGRSItsPTTLy_
CK1,TTBK2,TTBK2,24.34,261,-3.6113,262,Q6IQ55,TTBK2,RBL2_655_667_T7_0b4224_O0xO,RBL2_655_667,GLGRSIT*sPTTLy,_GLGRSItsPTTLy_
CMGC,CDK18,CDK18,23.72,262,-4.2027,283,Q07002,CDK18,RBL2_655_667_T7_0b4224_O0xO,RBL2_655_667,GLGRSIT*sPTTLy,_GLGRSItsPTTLy_
CMGC,CDK17,CDK17,23.34,263,-4.3008,285,Q00537,CDK17,RBL2_655_667_T7_0b4224_O0xO,RBL2_655_667,GLGRSIT*sPTTLy,_GLGRSItsPTTLy_
Other,TLK2,TLK2,23.17,264,-3.2628,241,Q86UE8,TLK2,RBL2_655_667_T7_0b4224_O0xO,RBL2_655_667,GLGRSIT*sPTTLy,_GLGRSItsPTTLy_
Other,ERN1,IRE1,23.08,265,-4.2154,284,O75460,IRE1,RBL2_655_667_T7_0b4224_O0xO,RBL2_655_667,GLGRSIT*sPTTLy,_GLGRSItsPTTLy_
AGC,STK38L,NDR2,22.28,266,-3.8032,270,Q9Y2H1,NDR2,RBL2_655_667_T7_0b4224_O0xO,RBL2_655_667,GLGRSIT*sPTTLy,_GLGRSItsPTTLy_
CMGC,CDK12,CDK12,22.07,267,-3.8964,275,Q9NYV4,CDK12,RBL2_655_667_T7_0b4224_O0xO,RBL2_655_667,GLGRSIT*sPTTLy,_GLGRSItsPTTLy_
CMGC,CDK6,CDK6,21.71,268,-4.6442,291,Q00534,CDK6,RBL2_655_667_T7_0b4224_O0xO,RBL2_655_667,GLGRSIT*sPTTLy,_GLGRSItsPTTLy_
CAMK,HUNK,HUNK,21.39,269,-4.6606,292,P57058,HUNK,RBL2_655_667_T7_0b4224_O0xO,RBL2_655_667,GLGRSIT*sPTTLy,_GLGRSItsPTTLy_
AGC,GRK1,GRK1,21.31,270,-2.1927,162,Q15835,GRK1,RBL2_655_667_T7_0b4224_O0xO,RBL2_655_667,GLGRSIT*sPTTLy,_GLGRSItsPTTLy_
AGC,GRK4,GRK4,21.06,271,-2.7289,203,P32298,GRK4,RBL2_655_667_T7_0b4224_O0xO,RBL2_655_667,GLGRSIT*sPTTLy,_GLGRSItsPTTLy_
AGC,GRK7,GRK7,20.66,272,-4.9834,298,Q8WTQ7,GRK7,RBL2_655_667_T7_0b4224_O0xO,RBL2_655_667,GLGRSIT*sPTTLy,_GLGRSItsPTTLy_
CMGC,MAPK1,ERK2,20.62,273,-3.5152,256,P28482,ERK2,RBL2_655_667_T7_0b4224_O0xO,RBL2_655_667,GLGRSIT*sPTTLy,_GLGRSItsPTTLy_
Other,IKBKE,IKKE,20.03,274,-3.424,249,Q14164,IKKE,RBL2_655_667_T7_0b4224_O0xO,RBL2_655_667,GLGRSIT*sPTTLy,_GLGRSItsPTTLy_
CMGC,MAPK3,ERK1,19.9,275,-3.9553,277,P27361,ERK1,RBL2_655_667_T7_0b4224_O0xO,RBL2_655_667,GLGRSIT*sPTTLy,_GLGRSItsPTTLy_
TKL,DSTYK,DSTYK,19.38,276,-3.7656,269,Q6XUX3,DSTYK,RBL2_655_667_T7_0b4224_O0xO,RBL2_655_667,GLGRSIT*sPTTLy,_GLGRSItsPTTLy_
TKL,MAP3K21,MLK4,18.16,277,-4.794,294,Q5TCX8,MLK4,RBL2_655_667_T7_0b4224_O0xO,RBL2_655_667,GLGRSIT*sPTTLy,_GLGRSItsPTTLy_
CMGC,CDK16,CDK16,18.05,278,-5.1392,299,Q00536,CDK16,RBL2_655_667_T7_0b4224_O0xO,RBL2_655_667,GLGRSIT*sPTTLy,_GLGRSItsPTTLy_
CAMK,CAMK2G,CAMK2G,16.68,279,-1.9793,150,Q13555,CAMK2G,RBL2_655_667_T7_0b4224_O0xO,RBL2_655_667,GLGRSIT*sPTTLy,_GLGRSItsPTTLy_
CMGC,CDK1,CDK1,15.99,280,-3.9644,278,P06493,CDK1,RBL2_655_667_T7_0b4224_O0xO,RBL2_655_667,GLGRSIT*sPTTLy,_GLGRSItsPTTLy_
CMGC,MAPK15,ERK7,15.92,281,-4.7695,293,Q8TD08,ERK7,RBL2_655_667_T7_0b4224_O0xO,RBL2_655_667,GLGRSIT*sPTTLy,_GLGRSItsPTTLy_
CMGC,MAPK8,JNK1,15.72,282,-3.6117,263,P45983,JNK1,RBL2_655_667_T7_0b4224_O0xO,RBL2_655_667,GLGRSIT*sPTTLy,_GLGRSItsPTTLy_
CMGC,CDK9,CDK9,15.45,283,-4.4849,288,P50750,CDK9,RBL2_655_667_T7_0b4224_O0xO,RBL2_655_667,GLGRSIT*sPTTLy,_GLGRSItsPTTLy_
CMGC,CDK13,CDK13,13.27,284,-2.9508,220,Q14004,CDK13,RBL2_655_667_T7_0b4224_O0xO,RBL2_655_667,GLGRSIT*sPTTLy,_GLGRSItsPTTLy_
CMGC,MAPK7,ERK5,13.21,285,-2.7652,206,Q13164,ERK5,RBL2_655_667_T7_0b4224_O0xO,RBL2_655_667,GLGRSIT*sPTTLy,_GLGRSItsPTTLy_
PIKK,PRKDC,DNAPK,13.19,286,-3.5369,258,P78527,DNAPK,RBL2_655_667_T7_0b4224_O0xO,RBL2_655_667,GLGRSIT*sPTTLy,_GLGRSItsPTTLy_
Other,NEK7,NEK7,12.48,287,-4.4901,289,Q8TDX7,NEK7,RBL2_655_667_T7_0b4224_O0xO,RBL2_655_667,GLGRSIT*sPTTLy,_GLGRSItsPTTLy_
Other,PLK4,PLK4,12.16,288,-6.4627,305,O00444,PLK4,RBL2_655_667_T7_0b4224_O0xO,RBL2_655_667,GLGRSIT*sPTTLy,_GLGRSItsPTTLy_
Other,TBK1,TBK1,11.53,289,-3.6338,264,Q9UHD2,TBK1,RBL2_655_667_T7_0b4224_O0xO,RBL2_655_667,GLGRSIT*sPTTLy,_GLGRSItsPTTLy_
Other,ERN2,IRE2,10.73,290,-5.5071,301,Q76MJ5,IRE2,RBL2_655_667_T7_0b4224_O0xO,RBL2_655_667,GLGRSIT*sPTTLy,_GLGRSItsPTTLy_
Other,ULK2,ULK2,10.32,291,-4.4677,287,Q8IYT8,ULK2,RBL2_655_667_T7_0b4224_O0xO,RBL2_655_667,GLGRSIT*sPTTLy,_GLGRSItsPTTLy_
Other,TP53RK,PRPK,8.33,292,-0.8948,93,Q96S44,PRPK,RBL2_655_667_T7_0b4224_O0xO,RBL2_655_667,GLGRSIT*sPTTLy,_GLGRSItsPTTLy_
PDHK,BCKDK,BCKDK,8.05,293,-4.9041,297,O14874,BCKDK,RBL2_655_667_T7_0b4224_O0xO,RBL2_655_667,GLGRSIT*sPTTLy,_GLGRSItsPTTLy_
CMGC,GSK3A,GSK3A,7.65,294,-1.7453,139,P49840,GSK3A,RBL2_655_667_T7_0b4224_O0xO,RBL2_655_667,GLGRSIT*sPTTLy,_GLGRSItsPTTLy_
CK1,CSNK1E,CK1E,7.62,295,-3.0222,226,P49674,CK1E,RBL2_655_667_T7_0b4224_O0xO,RBL2_655_667,GLGRSIT*sPTTLy,_GLGRSItsPTTLy_
PDHK,PDK4,PDHK4,7.19,296,-2.1102,156,Q16654,PDHK4,RBL2_655_667_T7_0b4224_O0xO,RBL2_655_667,GLGRSIT*sPTTLy,_GLGRSItsPTTLy_
CMGC,CDK2,CDK2,7.12,297,-4.8293,296,P24941,CDK2,RBL2_655_667_T7_0b4224_O0xO,RBL2_655_667,GLGRSIT*sPTTLy,_GLGRSItsPTTLy_
PDHK,PDK1,PDHK1,7.07,298,-2.6089,196,Q15118,PDHK1,RBL2_655_667_T7_0b4224_O0xO,RBL2_655_667,GLGRSIT*sPTTLy,_GLGRSItsPTTLy_
CK1,CSNK1G1,CK1G1,6.35,299,-5.6279,302,Q9HCP0,CK1G1,RBL2_655_667_T7_0b4224_O0xO,RBL2_655_667,GLGRSIT*sPTTLy,_GLGRSItsPTTLy_
CMGC,CDK3,CDK3,6.26,300,-7.4309,310,Q00526,CDK3,RBL2_655_667_T7_0b4224_O0xO,RBL2_655_667,GLGRSIT*sPTTLy,_GLGRSItsPTTLy_
CMGC,MAPK13,P38D,6.13,301,-5.315,300,O15264,P38D,RBL2_655_667_T7_0b4224_O0xO,RBL2_655_667,GLGRSIT*sPTTLy,_GLGRSItsPTTLy_
Other,EIF2AK4,GCN2,5.82,302,-5.7871,304,Q9P2K8,GCN2,RBL2_655_667_T7_0b4224_O0xO,RBL2_655_667,GLGRSIT*sPTTLy,_GLGRSItsPTTLy_
FAM20,FAM20C,FAM20C,5.7,303,-7.847,311,Q8IXL6,FAM20C,RBL2_655_667_T7_0b4224_O0xO,RBL2_655_667,GLGRSIT*sPTTLy,_GLGRSItsPTTLy_
STE,MAP3K8,COT,5,304,-3.8232,272,P41279,COT,RBL2_655_667_T7_0b4224_O0xO,RBL2_655_667,GLGRSIT*sPTTLy,_GLGRSItsPTTLy_
Other,UHMK1,KIS,4.33,305,-6.6679,308,Q8TAS1,KIS,RBL2_655_667_T7_0b4224_O0xO,RBL2_655_667,GLGRSIT*sPTTLy,_GLGRSItsPTTLy_
Other,NEK6,NEK6,3.25,306,-5.6826,303,Q9HC98,NEK6,RBL2_655_667_T7_0b4224_O0xO,RBL2_655_667,GLGRSIT*sPTTLy,_GLGRSItsPTTLy_
PIKK,MTOR,MTOR,2.96,307,-3.7132,266,P42345,MTOR,RBL2_655_667_T7_0b4224_O0xO,RBL2_655_667,GLGRSIT*sPTTLy,_GLGRSItsPTTLy_
Other,ULK1,ULK1,2.88,308,-6.5996,307,O75385,ULK1,RBL2_655_667_T7_0b4224_O0xO,RBL2_655_667,GLGRSIT*sPTTLy,_GLGRSItsPTTLy_
CMGC,MAPK10,JNK3,2.77,309,-4.0342,279,P53779,JNK3,RBL2_655_667_T7_0b4224_O0xO,RBL2_655_667,GLGRSIT*sPTTLy,_GLGRSItsPTTLy_
CMGC,CDK19,CDK19,1.78,310,-7.0931,309,Q9BWU1,CDK19,RBL2_655_667_T7_0b4224_O0xO,RBL2_655_667,GLGRSIT*sPTTLy,_GLGRSItsPTTLy_
CMGC,CDK8,CDK8,0.41,311,-6.5702,306,P49336,CDK8,RBL2_655_667_T7_0b4224_O0xO,RBL2_655_667,GLGRSIT*sPTTLy,_GLGRSItsPTTLy_
