sitePosition,siteLabel,siteSequence,leftSiteSequence,phosphoAcceptorSite,rightSiteSequence,score,scoreQuantile,scorePosition,scoreDistributionSize,scoreRank,quantileRank,id,name,geneName,type,normExclude,weakCatalyticActivity,motifGroup,peptide_id,sequence
13,S13,SETSSS______,SETSS,S,,-6.056678443456555,0.18967788723031365,15693,82735,303,303,361,DMPK1,DMPK,STK,ST,FALSE,AGC,KCNB1_489_501_S13_0b132_O0xO,KWtKRTLsETSSS*
13,S13,SETSSS______,SETSS,S,,-5.156005750841022,0.3517858222034206,29105,82735,302,293,195,CRIK,CIT,STK,ST,FALSE,AGC,KCNB1_489_501_S13_0b132_O0xO,KWtKRTLsETSSS*
13,S13,SETSSS______,SETSS,S,,-4.814087972953423,0.5799238532664531,47980,82735,301,208,12,PKG1,PRKG1,STK,ST,FALSE,AGC,KCNB1_489_501_S13_0b132_O0xO,KWtKRTLsETSSS*
13,S13,SETSSS______,SETSS,S,,-4.814080698866386,0.3683084547047803,30472,82735,300,284,288,PRKX,PRKX,STK,ST,FALSE,AGC,KCNB1_489_501_S13_0b132_O0xO,KWtKRTLsETSSS*
13,S13,SETSSS______,SETSS,S,,-4.801027806524118,0.4081585785943071,33769,82735,299,273,9,AKT3,AKT3,STK,ST,FALSE,AGC,KCNB1_489_501_S13_0b132_O0xO,KWtKRTLsETSSS*
13,S13,SETSSS______,SETSS,S,,-4.520461918820428,0.4706955943675591,38943,82735,298,254,187,ROCK1,ROCK1,STK,ST,FALSE,AGC,KCNB1_489_501_S13_0b132_O0xO,KWtKRTLsETSSS*
13,S13,SETSSS______,SETSS,S,,-4.501029619058066,0.4374327672689914,36191,82735,297,262,5,PKACA,PRKACA,STK,ST,FALSE,AGC,KCNB1_489_501_S13_0b132_O0xO,KWtKRTLsETSSS*
13,S13,SETSSS______,SETSS,S,,-4.332150221123273,0.37945246872544874,31394,82735,296,280,155,MRCKB,CDC42BPB,STK,ST,FALSE,AGC,KCNB1_489_501_S13_0b132_O0xO,KWtKRTLsETSSS*
13,S13,SETSSS______,SETSS,S,,-4.321069912981269,0.3020970568683145,24994,82735,295,299,285,SGK1,SGK1,STK,ST,FALSE,AGC,KCNB1_489_501_S13_0b132_O0xO,KWtKRTLsETSSS*
13,S13,SETSSS______,SETSS,S,,-4.2711855260781935,0.36612074696319574,30291,82735,294,285,6,PKACB,PRKACB,STK,ST,FALSE,AGC,KCNB1_489_501_S13_0b132_O0xO,KWtKRTLsETSSS*
13,S13,SETSSS______,SETSS,S,,-4.1984758432021065,0.6251767692028767,51724,82735,293,191,158,AAK1,AAK1,STK,ST,FALSE,Other,KCNB1_489_501_S13_0b132_O0xO,KWtKRTLsETSSS*
13,S13,SETSSS______,SETSS,S,,-4.165200175457473,0.3594971898229286,29743,82735,292,288,162,AURC,AURKC,STK,ST,FALSE,Other,KCNB1_489_501_S13_0b132_O0xO,KWtKRTLsETSSS*
13,S13,SETSSS______,SETSS,S,,-4.095859968212639,0.4201607542152656,34762,82735,291,269,189,ROCK2,ROCK2,STK,ST,FALSE,AGC,KCNB1_489_501_S13_0b132_O0xO,KWtKRTLsETSSS*
13,S13,SETSSS______,SETSS,S,,-4.054512498684154,0.4200640599504442,34754,82735,290,270,157,MRCKA,CDC42BPA,STK,ST,FALSE,AGC,KCNB1_489_501_S13_0b132_O0xO,KWtKRTLsETSSS*
13,S13,SETSSS______,SETSS,S,,-3.907444344562988,0.3147035716444068,26037,82735,289,298,123,MAK,MAK,STK,ST,FALSE,CMGC,KCNB1_489_501_S13_0b132_O0xO,KWtKRTLsETSSS*
13,S13,SETSSS______,SETSS,S,,-3.8187550227043454,0.5259563667129994,43515,82735,288,225,364,CAMK1A,CAMK1,STK,ST,FALSE,CAMK,KCNB1_489_501_S13_0b132_O0xO,KWtKRTLsETSSS*
13,S13,SETSSS______,SETSS,S,,-3.800713598160212,0.6251767692028767,51724,82735,287,190,395,BIKE,BMP2K,STK,ST,FALSE,Other,KCNB1_489_501_S13_0b132_O0xO,KWtKRTLsETSSS*
13,S13,SETSSS______,SETSS,S,,-3.7863042399213738,0.5260409741947181,43522,82735,286,224,226,HASPIN,HASPIN,STK,ST,FALSE,Other,KCNB1_489_501_S13_0b132_O0xO,KWtKRTLsETSSS*
13,S13,SETSSS______,SETSS,S,,-3.737792020736835,0.35641506013174595,29488,82735,285,289,390,SBK,SBK1,STK,ST,FALSE,Other,KCNB1_489_501_S13_0b132_O0xO,KWtKRTLsETSSS*
13,S13,SETSSS______,SETSS,S,,-3.552623233370057,0.4803408472834955,39741,82735,284,249,388,BUB1,BUB1,STK,ST,FALSE,Other,KCNB1_489_501_S13_0b132_O0xO,KWtKRTLsETSSS*
13,S13,SETSSS______,SETSS,S,,-3.5443642755391926,0.34249108599746175,28336,82735,283,295,8,AKT2,AKT2,STK,ST,FALSE,AGC,KCNB1_489_501_S13_0b132_O0xO,KWtKRTLsETSSS*
13,S13,SETSSS______,SETSS,S,,-3.5083770520699047,0.4500997159605971,37239,82735,282,259,17,DAPK3,DAPK3,STK,ST,FALSE,CAMK,KCNB1_489_501_S13_0b132_O0xO,KWtKRTLsETSSS*
13,S13,SETSSS______,SETSS,S,,-3.47753864571843,0.4162325497068955,34437,82735,281,272,263,MNK1,MKNK1,STK,ST,FALSE,CAMK,KCNB1_489_501_S13_0b132_O0xO,KWtKRTLsETSSS*
13,S13,SETSSS______,SETSS,S,,-3.4227996337767186,0.721774339759473,59716,82735,280,100,89,ASK1,MAP3K5,STK,ST,FALSE,STE,KCNB1_489_501_S13_0b132_O0xO,KWtKRTLsETSSS*
13,S13,SETSSS______,SETSS,S,,-3.4089221385305635,0.6994379645857255,57868,82735,279,123,192,TTK,TTK,STK,ST,FALSE,Other,KCNB1_489_501_S13_0b132_O0xO,KWtKRTLsETSSS*
13,S13,SETSSS______,SETSS,S,,-3.4028230900479,0.4855019036683387,40168,82735,278,246,13,PKG2,PRKG2,STK,ST,FALSE,AGC,KCNB1_489_501_S13_0b132_O0xO,KWtKRTLsETSSS*
13,S13,SETSSS______,SETSS,S,,-3.3330848330977014,0.8396567353598839,69469,82735,277,31,18,STLK3,STK39,STK,ST,FALSE,STE,KCNB1_489_501_S13_0b132_O0xO,KWtKRTLsETSSS*
13,S13,SETSSS______,SETSS,S,,-3.3230077564025846,0.5020003626034931,41533,82735,276,235,161,AURB,AURKB,STK,ST,FALSE,Other,KCNB1_489_501_S13_0b132_O0xO,KWtKRTLsETSSS*
13,S13,SETSSS______,SETSS,S,,-3.3080420251161504,0.4490723393968695,37154,82735,275,260,264,MNK2,MKNK2,STK,ST,FALSE,CAMK,KCNB1_489_501_S13_0b132_O0xO,KWtKRTLsETSSS*
13,S13,SETSSS______,SETSS,S,,-3.2833806368422342,0.48116274853447755,39809,82735,274,248,15,DAPK1,DAPK1,STK,ST,FALSE,CAMK,KCNB1_489_501_S13_0b132_O0xO,KWtKRTLsETSSS*
13,S13,SETSSS______,SETSS,S,,-3.2771880729446337,0.6956064543421768,57551,82735,273,126,180,MYO3B,MYO3B,STK,ST,FALSE,STE,KCNB1_489_501_S13_0b132_O0xO,KWtKRTLsETSSS*
13,S13,SETSSS______,SETSS,S,,-3.194136095487372,0.5158639028222639,42680,82735,272,228,11,AKT1,AKT1,STK,ST,FALSE,AGC,KCNB1_489_501_S13_0b132_O0xO,KWtKRTLsETSSS*
13,S13,SETSSS______,SETSS,S,,-3.1878077113308407,0.32054148788299996,26520,82735,271,297,344,CLK1,CLK1,STK,ST,FALSE,CMGC,KCNB1_489_501_S13_0b132_O0xO,KWtKRTLsETSSS*
13,S13,SETSSS______,SETSS,S,,-3.1589844858414313,0.3954795431195987,32720,82735,270,277,175,smMLCK,MYLK,STK,ST,FALSE,CAMK,KCNB1_489_501_S13_0b132_O0xO,KWtKRTLsETSSS*
13,S13,SETSSS______,SETSS,S,,-3.153887665829954,0.4968876533510606,41110,82735,269,240,67,PBK,PBK,STK,ST,FALSE,Other,KCNB1_489_501_S13_0b132_O0xO,KWtKRTLsETSSS*
13,S13,SETSSS______,SETSS,S,,-3.1280801274534067,0.36481537438810663,30183,82735,268,287,112,PIM2,PIM2,STK,ST,FALSE,CAMK,KCNB1_489_501_S13_0b132_O0xO,KWtKRTLsETSSS*
13,S13,SETSSS______,SETSS,S,,-3.1077757181846186,0.2703088173082734,22364,82735,267,301,339,CLK4,CLK4,STK,ST,FALSE,CMGC,KCNB1_489_501_S13_0b132_O0xO,KWtKRTLsETSSS*
13,S13,SETSSS______,SETSS,S,,-3.086261750545079,0.3891460687737959,32196,82735,266,278,301,MOK,MOK,STK,ST,FALSE,CMGC,KCNB1_489_501_S13_0b132_O0xO,KWtKRTLsETSSS*
13,S13,SETSSS______,SETSS,S,,-3.082241934993319,0.4906871336193872,40597,82735,265,244,168,LRRK2,LRRK2,STK,ST,FALSE,TKL,KCNB1_489_501_S13_0b132_O0xO,KWtKRTLsETSSS*
13,S13,SETSSS______,SETSS,S,,-3.063453528633488,0.3526802441530187,29179,82735,264,292,246,SRPK2,SRPK2,STK,ST,FALSE,CMGC,KCNB1_489_501_S13_0b132_O0xO,KWtKRTLsETSSS*
13,S13,SETSSS______,SETSS,S,,-2.9952747527881725,0.48329002236054874,39985,82735,263,247,100,MYLK4,MYLK4,STK,ST,FALSE,CAMK,KCNB1_489_501_S13_0b132_O0xO,KWtKRTLsETSSS*
13,S13,SETSSS______,SETSS,S,,-2.899889387582018,0.4564090167401946,37761,82735,262,258,338,RSK4,RPS6KA6,STK,ST,FALSE,AGC,KCNB1_489_501_S13_0b132_O0xO,KWtKRTLsETSSS*
13,S13,SETSSS______,SETSS,S,,-2.8981028381566984,0.6014262404061159,49759,82735,261,202,45,CHK2,CHEK2,STK,ST,FALSE,CAMK,KCNB1_489_501_S13_0b132_O0xO,KWtKRTLsETSSS*
13,S13,SETSSS______,SETSS,S,,-2.8317026522535547,0.707246026470055,58514,82735,260,111,300,PAK4,PAK4,STK,ST,FALSE,STE,KCNB1_489_501_S13_0b132_O0xO,KWtKRTLsETSSS*
13,S13,SETSSS______,SETSS,S,,-2.821899652566419,0.46419290505831873,38405,82735,259,255,284,SGK3,SGK3,STK,ST,FALSE,AGC,KCNB1_489_501_S13_0b132_O0xO,KWtKRTLsETSSS*
13,S13,SETSSS______,SETSS,S,,-2.8215730928180274,0.7070526379404122,58498,82735,258,112,117,VRK1,VRK1,STK,ST,FALSE,CK1,KCNB1_489_501_S13_0b132_O0xO,KWtKRTLsETSSS*
13,S13,SETSSS______,SETSS,S,,-2.812587634026635,0.7940774762796882,65698,82735,257,59,183,MYO3A,MYO3A,STK,ST,FALSE,STE,KCNB1_489_501_S13_0b132_O0xO,KWtKRTLsETSSS*
13,S13,SETSSS______,SETSS,S,,-2.7347839715070106,0.598392457847344,49508,82735,256,205,129,P70S6K,RPS6KB1,STK,ST,FALSE,AGC,KCNB1_489_501_S13_0b132_O0xO,KWtKRTLsETSSS*
13,S13,SETSSS______,SETSS,S,,-2.7184116652356853,0.695340545113918,57529,82735,255,128,299,PAK5,PAK5,STK,ST,FALSE,STE,KCNB1_489_501_S13_0b132_O0xO,KWtKRTLsETSSS*
13,S13,SETSSS______,SETSS,S,,-2.6853548968597756,0.5205414878829999,43067,82735,254,227,136,MSK1,RPS6KA5,STK,ST,FALSE,AGC,KCNB1_489_501_S13_0b132_O0xO,KWtKRTLsETSSS*
13,S13,SETSSS______,SETSS,S,,-2.6629093985376517,0.4223363751737475,34942,82735,253,267,21,MPSK1,STK16,STK,ST,FALSE,Other,KCNB1_489_501_S13_0b132_O0xO,KWtKRTLsETSSS*
13,S13,SETSSS______,SETSS,S,,-2.660265030301005,0.6889828972019097,57003,82735,252,133,53,MINK,MINK1,STK,ST,FALSE,STE,KCNB1_489_501_S13_0b132_O0xO,KWtKRTLsETSSS*
13,S13,SETSSS______,SETSS,S,,-2.6340955068145915,0.6201728409983683,51310,82735,251,194,150,MAP3K15,MAP3K15,STK,ST,FALSE,STE,KCNB1_489_501_S13_0b132_O0xO,KWtKRTLsETSSS*
13,S13,SETSSS______,SETSS,S,,-2.603999913602536,0.6674563364960415,55222,82735,250,150,56,KHS2,MAP4K3,STK,ST,FALSE,STE,KCNB1_489_501_S13_0b132_O0xO,KWtKRTLsETSSS*
13,S13,SETSSS______,SETSS,S,,-2.5599367631974546,0.37153562579319516,30739,82735,249,282,341,RSK2,RPS6KA3,STK,ST,FALSE,AGC,KCNB1_489_501_S13_0b132_O0xO,KWtKRTLsETSSS*
13,S13,SETSSS______,SETSS,S,,-2.5558663532304178,0.6294313168550191,52076,82735,248,184,295,PAK6,PAK6,STK,ST,FALSE,STE,KCNB1_489_501_S13_0b132_O0xO,KWtKRTLsETSSS*
13,S13,SETSSS______,SETSS,S,,-2.548743150723869,0.6337221248564695,52431,82735,247,182,318,LOK,STK10,STK,ST,FALSE,STE,KCNB1_489_501_S13_0b132_O0xO,KWtKRTLsETSSS*
13,S13,SETSSS______,SETSS,S,,-2.5479937209414003,0.6498700670816462,53767,82735,246,167,107,NEK1,NEK1,STK,ST,FALSE,Other,KCNB1_489_501_S13_0b132_O0xO,KWtKRTLsETSSS*
13,S13,SETSSS______,SETSS,S,,-2.537255127983485,0.6181422614371185,51142,82735,245,196,163,AURA,AURKA,STK,ST,FALSE,Other,KCNB1_489_501_S13_0b132_O0xO,KWtKRTLsETSSS*
13,S13,SETSSS______,SETSS,S,,-2.5230500540651826,0.5213875627001874,43137,82735,244,226,194,LKB1,STK11,STK,ST,FALSE,CAMK,KCNB1_489_501_S13_0b132_O0xO,KWtKRTLsETSSS*
13,S13,SETSSS______,SETSS,S,,-2.522382595882256,0.6608206925726717,54673,82735,243,157,42,HPK1,MAP4K1,STK,ST,FALSE,STE,KCNB1_489_501_S13_0b132_O0xO,KWtKRTLsETSSS*
13,S13,SETSSS______,SETSS,S,,-2.506789633424638,0.5408110231461897,44744,82735,242,219,1,PKACG,PRKACG,STK,ST,FALSE,AGC,KCNB1_489_501_S13_0b132_O0xO,KWtKRTLsETSSS*
13,S13,SETSSS______,SETSS,S,,-2.5001623447551684,0.7705928567111863,63755,82735,241,67,317,OSR1,OXSR1,STK,ST,FALSE,STE,KCNB1_489_501_S13_0b132_O0xO,KWtKRTLsETSSS*
13,S13,SETSSS______,SETSS,S,,-2.4812882944126686,0.6682057170484076,55284,82735,240,148,48,KHS1,MAP4K5,STK,ST,FALSE,STE,KCNB1_489_501_S13_0b132_O0xO,KWtKRTLsETSSS*
13,S13,SETSSS______,SETSS,S,,-2.468854163291166,0.7460325134465462,61723,82735,239,85,191,YSK1,STK25,STK,ST,FALSE,STE,KCNB1_489_501_S13_0b132_O0xO,KWtKRTLsETSSS*
13,S13,SETSSS______,SETSS,S,,-2.4682878901093246,0.7143651417175318,59103,82735,238,106,368,AlphaK3,ALPK1,STK,ST,FALSE,Alpha,KCNB1_489_501_S13_0b132_O0xO,KWtKRTLsETSSS*
13,S13,SETSSS______,SETSS,S,,-2.4674980853645474,0.6097177736145525,50445,82735,237,198,382,CAMK1G,CAMK1G,STK,ST,FALSE,CAMK,KCNB1_489_501_S13_0b132_O0xO,KWtKRTLsETSSS*
13,S13,SETSSS______,SETSS,S,,-2.4314279218390062,0.3754154831691545,31060,82735,236,281,342,CLK2,CLK2,STK,ST,FALSE,CMGC,KCNB1_489_501_S13_0b132_O0xO,KWtKRTLsETSSS*
13,S13,SETSSS______,SETSS,S,,-2.4257581407752835,0.5001631715718862,41381,82735,235,236,22,PRKD3,PRKD3,STK,ST,FALSE,CAMK,KCNB1_489_501_S13_0b132_O0xO,KWtKRTLsETSSS*
13,S13,SETSSS______,SETSS,S,,-2.4243247524984084,0.6002900827944643,49665,82735,234,204,367,CAMK1D,CAMK1D,STK,ST,FALSE,CAMK,KCNB1_489_501_S13_0b132_O0xO,KWtKRTLsETSSS*
13,S13,SETSSS______,SETSS,S,,-2.418565848267904,0.6258294554904212,51778,82735,233,189,248,MEKK6,MAP3K6,STK,ST,FALSE,STE,KCNB1_489_501_S13_0b132_O0xO,KWtKRTLsETSSS*
13,S13,SETSSS______,SETSS,S,,-2.3998583038566155,0.6217803831510244,51443,82735,232,192,292,CAMKK2,CAMKK2,STK,ST,FALSE,Other,KCNB1_489_501_S13_0b132_O0xO,KWtKRTLsETSSS*
13,S13,SETSSS______,SETSS,S,,-2.3969518311896008,0.4915815555689853,40671,82735,231,243,343,RSK3,RPS6KA2,STK,ST,FALSE,AGC,KCNB1_489_501_S13_0b132_O0xO,KWtKRTLsETSSS*
13,S13,SETSSS______,SETSS,S,,-2.3724552707178153,0.5025684414093189,41580,82735,230,234,24,PRKD2,PRKD2,STK,ST,FALSE,CAMK,KCNB1_489_501_S13_0b132_O0xO,KWtKRTLsETSSS*
13,S13,SETSSS______,SETSS,S,,-2.3665285776880043,0.40038677705928566,33126,82735,229,275,111,P70S6KB,RPS6KB2,STK,ST,FALSE,AGC,KCNB1_489_501_S13_0b132_O0xO,KWtKRTLsETSSS*
13,S13,SETSSS______,SETSS,S,,-2.364154157253485,0.5123103885900767,42386,82735,228,229,49,CDK10,CDK10,STK,ST,FALSE,CMGC,KCNB1_489_501_S13_0b132_O0xO,KWtKRTLsETSSS*
13,S13,SETSSS______,SETSS,S,,-2.360591535998167,0.6801716323200581,56274,82735,227,136,110,NEK3,NEK3,STK,ST,FALSE,Other,KCNB1_489_501_S13_0b132_O0xO,KWtKRTLsETSSS*
13,S13,SETSSS______,SETSS,S,,-2.350383447771089,0.4797123345621563,39689,82735,226,250,256,NDR1,STK38,STK,ST,FALSE,AGC,KCNB1_489_501_S13_0b132_O0xO,KWtKRTLsETSSS*
13,S13,SETSSS______,SETSS,S,,-2.3426407390533948,0.6689671843838763,55347,82735,225,146,126,TNIK,TNIK,STK,ST,FALSE,STE,KCNB1_489_501_S13_0b132_O0xO,KWtKRTLsETSSS*
13,S13,SETSSS______,SETSS,S,,-2.335867639780955,0.8118087870913157,67165,82735,224,44,96,MEK2,MAP2K2,STK,ST,TRUE,STE,KCNB1_489_501_S13_0b132_O0xO,KWtKRTLsETSSS*
13,S13,SETSSS______,SETSS,S,,-2.3318849485793405,0.8049918414214057,66601,82735,223,52,84,TAO1,TAOK1,STK,ST,FALSE,STE,KCNB1_489_501_S13_0b132_O0xO,KWtKRTLsETSSS*
13,S13,SETSSS______,SETSS,S,,-2.312400316873499,0.5491267299208316,45432,82735,222,216,218,PDK1,PDPK1,STK,ST,FALSE,AGC,KCNB1_489_501_S13_0b132_O0xO,KWtKRTLsETSSS*
13,S13,SETSSS______,SETSS,S,,-2.3063920478554416,0.44417719224028523,36749,82735,221,261,355,DYRK3,DYRK3,STK,ST,FALSE,CMGC,KCNB1_489_501_S13_0b132_O0xO,KWtKRTLsETSSS*
13,S13,SETSSS______,SETSS,S,,-2.279387290584785,0.35508551399045146,29378,82735,220,291,254,SRPK1,SRPK1,STK,ST,FALSE,CMGC,KCNB1_489_501_S13_0b132_O0xO,KWtKRTLsETSSS*
13,S13,SETSSS______,SETSS,S,,-2.2693831897077335,0.7111984045446305,58841,82735,219,109,97,PKN1,PKN1,STK,ST,FALSE,AGC,KCNB1_489_501_S13_0b132_O0xO,KWtKRTLsETSSS*
13,S13,SETSSS______,SETSS,S,,-2.2626344759983863,0.7281924215869946,60247,82735,218,95,362,EEF2K,EEF2K,STK,ST,FALSE,Alpha,KCNB1_489_501_S13_0b132_O0xO,KWtKRTLsETSSS*
13,S13,SETSSS______,SETSS,S,,-2.2529634856128418,0.3556052456638666,29421,82735,217,290,90,HIPK1,HIPK1,STK,ST,FALSE,CMGC,KCNB1_489_501_S13_0b132_O0xO,KWtKRTLsETSSS*
13,S13,SETSSS______,SETSS,S,,-2.2389762574558563,0.6989907536109264,57831,82735,216,124,319,HGK,MAP4K4,STK,ST,FALSE,STE,KCNB1_489_501_S13_0b132_O0xO,KWtKRTLsETSSS*
13,S13,SETSSS______,SETSS,S,,-2.188434643144045,0.6774279325557503,56047,82735,215,137,378,PKCE,PRKCE,STK,ST,FALSE,AGC,KCNB1_489_501_S13_0b132_O0xO,KWtKRTLsETSSS*
13,S13,SETSSS______,SETSS,S,,-2.1820752066602243,0.42740073729376926,35361,82735,214,266,298,P90RSK,RPS6KA1,STK,ST,FALSE,AGC,KCNB1_489_501_S13_0b132_O0xO,KWtKRTLsETSSS*
13,S13,SETSSS______,SETSS,S,,-2.155985302323317,0.7987913216897323,66088,82735,213,57,275,MST1,STK4,STK,ST,FALSE,STE,KCNB1_489_501_S13_0b132_O0xO,KWtKRTLsETSSS*
13,S13,SETSSS______,SETSS,S,,-2.1292525253293677,0.6730283435063757,55683,82735,212,140,335,MARK3,MARK3,STK,ST,FALSE,CAMK,KCNB1_489_501_S13_0b132_O0xO,KWtKRTLsETSSS*
13,S13,SETSSS______,SETSS,S,,-2.1273479494140193,0.5579984287181966,46166,82735,211,213,294,PAK1,PAK1,STK,ST,FALSE,STE,KCNB1_489_501_S13_0b132_O0xO,KWtKRTLsETSSS*
13,S13,SETSSS______,SETSS,S,,-2.1148146403020474,0.7292318849338248,60333,82735,210,94,105,SLK,SLK,STK,ST,FALSE,STE,KCNB1_489_501_S13_0b132_O0xO,KWtKRTLsETSSS*
13,S13,SETSSS______,SETSS,S,,-2.099999152869487,0.4275095183416934,35370,82735,209,265,247,SRPK3,SRPK3,STK,ST,FALSE,CMGC,KCNB1_489_501_S13_0b132_O0xO,KWtKRTLsETSSS*
13,S13,SETSSS______,SETSS,S,,-2.08703574924098,0.6694023085755726,55383,82735,208,145,93,SSTK,TSSK6,STK,ST,FALSE,CAMK,KCNB1_489_501_S13_0b132_O0xO,KWtKRTLsETSSS*
13,S13,SETSSS______,SETSS,S,,-2.0786618675828885,0.7165165891098084,59281,82735,207,103,279,GAK,GAK,STK,ST,FALSE,Other,KCNB1_489_501_S13_0b132_O0xO,KWtKRTLsETSSS*
13,S13,SETSSS______,SETSS,S,,-2.0429752593900066,0.7568139239741343,62615,82735,206,79,198,PHKG2,PHKG2,STK,ST,FALSE,CAMK,KCNB1_489_501_S13_0b132_O0xO,KWtKRTLsETSSS*
13,S13,SETSSS______,SETSS,S,,-2.0319504150057313,0.42813803106303255,35422,82735,205,264,115,DYRK1A,DYRK1A,STK,ST,FALSE,CMGC,KCNB1_489_501_S13_0b132_O0xO,KWtKRTLsETSSS*
13,S13,SETSSS______,SETSS,S,,-2.0300053292958222,0.5464313772889345,45209,82735,204,217,377,LATS2,LATS2,STK,ST,FALSE,AGC,KCNB1_489_501_S13_0b132_O0xO,KWtKRTLsETSSS*
13,S13,SETSSS______,SETSS,S,,-2.0058842201479417,0.7022300114824439,58099,82735,203,118,141,NEK4,NEK4,STK,ST,FALSE,Other,KCNB1_489_501_S13_0b132_O0xO,KWtKRTLsETSSS*
13,S13,SETSSS______,SETSS,S,,-1.9920199916777208,0.551544086541367,45632,82735,202,215,227,AMPKA2,PRKAA2,STK,ST,FALSE,CAMK,KCNB1_489_501_S13_0b132_O0xO,KWtKRTLsETSSS*
13,S13,SETSSS______,SETSS,S,,-1.9902758244985042,0.8220583791623859,68013,82735,201,38,28,TAK1,MAP3K7,STK,ST,FALSE,TKL,KCNB1_489_501_S13_0b132_O0xO,KWtKRTLsETSSS*
13,S13,SETSSS______,SETSS,S,,-1.9785834645341724,0.4291291472774521,35504,82735,200,263,106,PIM1,PIM1,STK,ST,FALSE,CAMK,KCNB1_489_501_S13_0b132_O0xO,KWtKRTLsETSSS*
13,S13,SETSSS______,SETSS,S,,-1.9747762435270497,0.6340122076509337,52455,82735,199,181,253,QSK,SIK3,STK,ST,FALSE,CAMK,KCNB1_489_501_S13_0b132_O0xO,KWtKRTLsETSSS*
13,S13,SETSSS______,SETSS,S,,-1.9579426806036035,0.7131443766241615,59002,82735,198,108,302,GCK,MAP4K2,STK,ST,FALSE,STE,KCNB1_489_501_S13_0b132_O0xO,KWtKRTLsETSSS*
13,S13,SETSSS______,SETSS,S,,-1.9579045577763423,0.36483954795431195,30185,82735,197,286,113,CDKL5,CDKL5,STK,ST,FALSE,CMGC,KCNB1_489_501_S13_0b132_O0xO,KWtKRTLsETSSS*
13,S13,SETSSS______,SETSS,S,,-1.9072218575250524,0.7140387985737596,59076,82735,196,107,307,NEK11,NEK11,STK,ST,FALSE,Other,KCNB1_489_501_S13_0b132_O0xO,KWtKRTLsETSSS*
13,S13,SETSSS______,SETSS,S,,-1.9067258859938219,0.497733728168248,41180,82735,195,239,257,NDR2,STK38L,STK,ST,FALSE,AGC,KCNB1_489_501_S13_0b132_O0xO,KWtKRTLsETSSS*
13,S13,SETSSS______,SETSS,S,,-1.9017513989424601,0.6911222578110836,57180,82735,194,130,358,PKCI,PRKCI,STK,ST,FALSE,AGC,KCNB1_489_501_S13_0b132_O0xO,KWtKRTLsETSSS*
13,S13,SETSSS______,SETSS,S,,-1.8977611103543288,0.7012268084849217,58016,82735,193,119,337,MARK1,MARK1,STK,ST,FALSE,CAMK,KCNB1_489_501_S13_0b132_O0xO,KWtKRTLsETSSS*
13,S13,SETSSS______,SETSS,S,,-1.873908382891253,0.7160572913519067,59243,82735,192,104,87,TAO2,TAOK2,STK,ST,FALSE,STE,KCNB1_489_501_S13_0b132_O0xO,KWtKRTLsETSSS*
13,S13,SETSSS______,SETSS,S,,-1.8438858342946074,0.40800145041397234,33756,82735,191,274,91,HIPK3,HIPK3,STK,ST,FALSE,CMGC,KCNB1_489_501_S13_0b132_O0xO,KWtKRTLsETSSS*
13,S13,SETSSS______,SETSS,S,,-1.8431573100231171,0.6599262706230736,54599,82735,190,158,243,NUAK1,NUAK1,STK,ST,FALSE,CAMK,KCNB1_489_501_S13_0b132_O0xO,KWtKRTLsETSSS*
13,S13,SETSSS______,SETSS,S,,-1.8405168326778356,0.6483229588445035,53639,82735,189,169,137,MSK2,RPS6KA4,STK,ST,FALSE,AGC,KCNB1_489_501_S13_0b132_O0xO,KWtKRTLsETSSS*
13,S13,SETSSS______,SETSS,S,,-1.7982614191066855,0.6282468121109567,51978,82735,188,186,296,PAK3,PAK3,STK,ST,FALSE,STE,KCNB1_489_501_S13_0b132_O0xO,KWtKRTLsETSSS*
13,S13,SETSSS______,SETSS,S,,-1.7672629243292377,0.4577506496645918,37872,82735,187,257,19,PASK,PASK,STK,ST,FALSE,CAMK,KCNB1_489_501_S13_0b132_O0xO,KWtKRTLsETSSS*
13,S13,SETSSS______,SETSS,S,,-1.7507610859129719,0.511742309784251,42339,82735,186,230,258,WNK1,WNK1,STK,ST,FALSE,Other,KCNB1_489_501_S13_0b132_O0xO,KWtKRTLsETSSS*
13,S13,SETSSS______,SETSS,S,,-1.7135838164730046,0.6365987792349066,52669,82735,185,176,103,DCAMKL2,DCLK2,STK,ST,FALSE,CAMK,KCNB1_489_501_S13_0b132_O0xO,KWtKRTLsETSSS*
13,S13,SETSSS______,SETSS,S,,-1.7087015800282708,0.7011905481356137,58013,82735,184,120,75,SIK,SIK1,STK,ST,FALSE,CAMK,KCNB1_489_501_S13_0b132_O0xO,KWtKRTLsETSSS*
13,S13,SETSSS______,SETSS,S,,-1.6961423409435699,0.7363026530488911,60918,82735,183,89,133,BRSK2,BRSK2,STK,ST,FALSE,CAMK,KCNB1_489_501_S13_0b132_O0xO,KWtKRTLsETSSS*
13,S13,SETSSS______,SETSS,S,,-1.6859354656593273,0.47578413005378617,39364,82735,182,252,116,DYRK1B,DYRK1B,STK,ST,FALSE,CMGC,KCNB1_489_501_S13_0b132_O0xO,KWtKRTLsETSSS*
13,S13,SETSSS______,SETSS,S,,-1.683314577779892,0.674333716081465,55791,82735,181,139,172,TLK1,TLK1,STK,ST,FALSE,Other,KCNB1_489_501_S13_0b132_O0xO,KWtKRTLsETSSS*
13,S13,SETSSS______,SETSS,S,,-1.6830045009344026,0.2757236961382728,22812,82735,180,300,255,ICK,CILK1,STK,ST,FALSE,CMGC,KCNB1_489_501_S13_0b132_O0xO,KWtKRTLsETSSS*
13,S13,SETSSS______,SETSS,S,,-1.6669932982862734,0.5000543905239621,41372,82735,179,237,244,NUAK2,NUAK2,STK,ST,FALSE,CAMK,KCNB1_489_501_S13_0b132_O0xO,KWtKRTLsETSSS*
13,S13,SETSSS______,SETSS,S,,-1.6638854315738856,0.6670212123043452,55186,82735,178,151,119,QIK,SIK2,STK,ST,FALSE,CAMK,KCNB1_489_501_S13_0b132_O0xO,KWtKRTLsETSSS*
13,S13,SETSSS______,SETSS,S,,-1.651814397068923,0.4932253580709494,40807,82735,177,242,92,HIPK2,HIPK2,STK,ST,FALSE,CMGC,KCNB1_489_501_S13_0b132_O0xO,KWtKRTLsETSSS*
13,S13,SETSSS______,SETSS,S,,-1.643307259065196,0.6276545597389255,51929,82735,176,187,95,PKN2,PKN2,STK,ST,FALSE,AGC,KCNB1_489_501_S13_0b132_O0xO,KWtKRTLsETSSS*
13,S13,SETSSS______,SETSS,S,,-1.6287666959992178,0.5277089502628876,43660,82735,175,223,25,PRKD1,PRKD1,STK,ST,FALSE,CAMK,KCNB1_489_501_S13_0b132_O0xO,KWtKRTLsETSSS*
13,S13,SETSSS______,SETSS,S,,-1.6281799742146,0.6396446485767813,52921,82735,174,174,237,WNK4,WNK4,STK,ST,FALSE,Other,KCNB1_489_501_S13_0b132_O0xO,KWtKRTLsETSSS*
13,S13,SETSSS______,SETSS,S,,-1.6187267826695484,0.3997582643379465,33074,82735,173,276,88,HIPK4,HIPK4,STK,ST,FALSE,CMGC,KCNB1_489_501_S13_0b132_O0xO,KWtKRTLsETSSS*
13,S13,SETSSS______,SETSS,S,,-1.6131291096819453,0.5763945126004714,47688,82735,172,209,231,AMPKA1,PRKAA1,STK,ST,FALSE,CAMK,KCNB1_489_501_S13_0b132_O0xO,KWtKRTLsETSSS*
13,S13,SETSSS______,SETSS,S,,-1.5958620024818158,0.8364416510545718,69203,82735,171,35,271,MST2,STK3,STK,ST,FALSE,STE,KCNB1_489_501_S13_0b132_O0xO,KWtKRTLsETSSS*
13,S13,SETSSS______,SETSS,S,,-1.5697433891384729,0.6898531455853024,57075,82735,170,132,272,MST3,STK24,STK,ST,FALSE,STE,KCNB1_489_501_S13_0b132_O0xO,KWtKRTLsETSSS*
13,S13,SETSSS______,SETSS,S,,-1.563976977546949,0.5294010998972624,43800,82735,169,222,52,CDK14,CDK14,STK,ST,FALSE,CMGC,KCNB1_489_501_S13_0b132_O0xO,KWtKRTLsETSSS*
13,S13,SETSSS______,SETSS,S,,-1.5545018780052287,0.419471807578413,34705,82735,168,271,374,LATS1,LATS1,STK,ST,FALSE,AGC,KCNB1_489_501_S13_0b132_O0xO,KWtKRTLsETSSS*
13,S13,SETSSS______,SETSS,S,,-1.5522615949832175,0.695413065812534,57535,82735,167,127,380,PKCG,PRKCG,STK,ST,FALSE,AGC,KCNB1_489_501_S13_0b132_O0xO,KWtKRTLsETSSS*
13,S13,SETSSS______,SETSS,S,,-1.551656913012097,0.49005862089804797,40545,82735,166,245,160,skMLCK,MYLK2,STK,ST,FALSE,CAMK,KCNB1_489_501_S13_0b132_O0xO,KWtKRTLsETSSS*
13,S13,SETSSS______,SETSS,S,,-1.530400517531323,0.8030216957756693,66438,82735,165,56,291,CAMKK1,CAMKK1,STK,ST,FALSE,Other,KCNB1_489_501_S13_0b132_O0xO,KWtKRTLsETSSS*
13,S13,SETSSS______,SETSS,S,,-1.5281573998224567,0.7240950021151871,59908,82735,164,97,83,MEK5,MAP2K5,STK,ST,TRUE,STE,KCNB1_489_501_S13_0b132_O0xO,KWtKRTLsETSSS*
13,S13,SETSSS______,SETSS,S,,-1.527222797173804,0.5419350939747386,44837,82735,163,218,321,PRP4,PRPF4B,STK,ST,FALSE,CMGC,KCNB1_489_501_S13_0b132_O0xO,KWtKRTLsETSSS*
13,S13,SETSSS______,SETSS,S,,-1.513060172257949,0.6956789750407929,57557,82735,162,125,306,CAMK4,CAMK4,STK,ST,FALSE,CAMK,KCNB1_489_501_S13_0b132_O0xO,KWtKRTLsETSSS*
13,S13,SETSSS______,SETSS,S,,-1.4805977619313977,0.7402671179065692,61246,82735,161,87,125,MAPKAPK5,MAPKAPK5,STK,ST,FALSE,CAMK,KCNB1_489_501_S13_0b132_O0xO,KWtKRTLsETSSS*
13,S13,SETSSS______,SETSS,S,,-1.4780174177052101,0.6209826554662476,51377,82735,160,193,124,MAPKAPK2,MAPKAPK2,STK,ST,FALSE,CAMK,KCNB1_489_501_S13_0b132_O0xO,KWtKRTLsETSSS*
13,S13,SETSSS______,SETSS,S,,-1.4761333759856137,0.4998126548619085,41352,82735,159,238,118,VRK2,VRK2,STK,ST,FALSE,CK1,KCNB1_489_501_S13_0b132_O0xO,KWtKRTLsETSSS*
13,S13,SETSSS______,SETSS,S,,-1.4713720245444184,0.703426603009609,58198,82735,158,117,297,PAK2,PAK2,STK,ST,FALSE,STE,KCNB1_489_501_S13_0b132_O0xO,KWtKRTLsETSSS*
13,S13,SETSSS______,SETSS,S,,-1.4204713103065092,0.754916299027014,62458,82735,157,80,132,BRSK1,BRSK1,STK,ST,FALSE,CAMK,KCNB1_489_501_S13_0b132_O0xO,KWtKRTLsETSSS*
13,S13,SETSSS______,SETSS,S,,-1.4160830207542445,0.6371910316069378,52718,82735,156,175,127,TSSK1,TSSK1B,STK,ST,FALSE,CAMK,KCNB1_489_501_S13_0b132_O0xO,KWtKRTLsETSSS*
13,S13,SETSSS______,SETSS,S,,-1.3947823651065738,0.49422856106847163,40890,82735,155,241,353,DYRK4,DYRK4,STK,ST,FALSE,CMGC,KCNB1_489_501_S13_0b132_O0xO,KWtKRTLsETSSS*
13,S13,SETSSS______,SETSS,S,,-1.3929629596795887,0.6611712092826494,54702,82735,154,156,373,TGFBR2,TGFBR2,STK,ST,FALSE,TKL,KCNB1_489_501_S13_0b132_O0xO,KWtKRTLsETSSS*
13,S13,SETSSS______,SETSS,S,,-1.3909036923094114,0.7323140146250076,60588,82735,153,91,359,PKCH,PRKCH,STK,ST,FALSE,AGC,KCNB1_489_501_S13_0b132_O0xO,KWtKRTLsETSSS*
13,S13,SETSSS______,SETSS,S,,-1.3853260527635327,0.7935335710400677,65653,82735,152,60,138,STK33,STK33,STK,ST,FALSE,CAMK,KCNB1_489_501_S13_0b132_O0xO,KWtKRTLsETSSS*
13,S13,SETSSS______,SETSS,S,,-1.3682986070978973,0.45871759231280596,37952,82735,151,256,357,DYRK2,DYRK2,STK,ST,FALSE,CMGC,KCNB1_489_501_S13_0b132_O0xO,KWtKRTLsETSSS*
13,S13,SETSSS______,SETSS,S,,-1.3413728094577857,0.8835196712394996,73098,82735,150,7,72,RIPK2,RIPK2,STK,ST,FALSE,TKL,KCNB1_489_501_S13_0b132_O0xO,KWtKRTLsETSSS*
13,S13,SETSSS______,SETSS,S,,-1.3387840641266748,0.7400374690276182,61227,82735,149,88,197,PHKG1,PHKG1,STK,ST,FALSE,CAMK,KCNB1_489_501_S13_0b132_O0xO,KWtKRTLsETSSS*
13,S13,SETSSS______,SETSS,S,,-1.3232826093409051,0.5375113313591587,44471,82735,148,220,149,CDK7,CDK7,STK,ST,FALSE,CMGC,KCNB1_489_501_S13_0b132_O0xO,KWtKRTLsETSSS*
13,S13,SETSSS______,SETSS,S,,-1.3177971857978492,0.6567837070163776,54339,82735,147,161,182,PKR,EIF2AK2,STK,ST,FALSE,Other,KCNB1_489_501_S13_0b132_O0xO,KWtKRTLsETSSS*
13,S13,SETSSS______,SETSS,S,,-1.310458731039643,0.3694929594488427,30570,82735,146,283,16,DAPK2,DAPK2,STK,ST,FALSE,CAMK,KCNB1_489_501_S13_0b132_O0xO,KWtKRTLsETSSS*
13,S13,SETSSS______,SETSS,S,,-1.2993283784786094,0.6517193448963559,53920,82735,145,164,334,MARK4,MARK4,STK,ST,FALSE,CAMK,KCNB1_489_501_S13_0b132_O0xO,KWtKRTLsETSSS*
13,S13,SETSSS______,SETSS,S,,-1.2945308582929265,0.7011663745694083,58011,82735,144,121,381,PKCA,PRKCA,STK,ST,FALSE,AGC,KCNB1_489_501_S13_0b132_O0xO,KWtKRTLsETSSS*
13,S13,SETSSS______,SETSS,S,,-1.2854999416258148,0.38027436997643077,31462,82735,143,279,177,caMLCK,MYLK3,STK,ST,FALSE,CAMK,KCNB1_489_501_S13_0b132_O0xO,KWtKRTLsETSSS*
13,S13,SETSSS______,SETSS,S,,-1.2851602398548403,0.7639209524385084,63203,82735,142,70,360,PKCT,PRKCQ,STK,ST,FALSE,AGC,KCNB1_489_501_S13_0b132_O0xO,KWtKRTLsETSSS*
13,S13,SETSSS______,SETSS,S,,-1.2824847533498105,0.34569408351967124,28601,82735,141,294,130,CDKL1,CDKL1,STK,ST,FALSE,CMGC,KCNB1_489_501_S13_0b132_O0xO,KWtKRTLsETSSS*
13,S13,SETSSS______,SETSS,S,,-1.2665450839985053,0.7489696017404968,61966,82735,140,84,207,BCKDK,BCKDK,STK,ST,FALSE,PDHK,KCNB1_489_501_S13_0b132_O0xO,KWtKRTLsETSSS*
13,S13,SETSSS______,SETSS,S,,-1.2480679661859855,0.7221248564694507,59745,82735,139,99,370,IRAK4,IRAK4,STK,ST,FALSE,TKL,KCNB1_489_501_S13_0b132_O0xO,KWtKRTLsETSSS*
13,S13,SETSSS______,SETSS,S,,-1.244087773757035,0.7603795249894241,62910,82735,138,74,336,MARK2,MARK2,STK,ST,FALSE,CAMK,KCNB1_489_501_S13_0b132_O0xO,KWtKRTLsETSSS*
13,S13,SETSSS______,SETSS,S,,-1.2281875041059709,0.339711125883846,28106,82735,137,296,365,CAMK1B,PNCK,STK,ST,FALSE,CAMK,KCNB1_489_501_S13_0b132_O0xO,KWtKRTLsETSSS*
13,S13,SETSSS______,SETSS,S,,-1.1879488409249739,0.6498579802985436,53766,82735,136,168,379,PKCD,PRKCD,STK,ST,FALSE,AGC,KCNB1_489_501_S13_0b132_O0xO,KWtKRTLsETSSS*
13,S13,SETSSS______,SETSS,S,,-1.1662826072277823,0.5802743699764308,48009,82735,135,207,281,KIS,UHMK1,STK,ST,FALSE,Other,KCNB1_489_501_S13_0b132_O0xO,KWtKRTLsETSSS*
13,S13,SETSSS______,SETSS,S,,-1.128149987098734,0.6513930017525835,53893,82735,134,165,101,DCAMKL1,DCLK1,STK,ST,FALSE,CAMK,KCNB1_489_501_S13_0b132_O0xO,KWtKRTLsETSSS*
13,S13,SETSSS______,SETSS,S,,-1.1231855225307539,0.7592312805946697,62815,82735,133,75,54,HRI,EIF2AK1,STK,ST,FALSE,Other,KCNB1_489_501_S13_0b132_O0xO,KWtKRTLsETSSS*
13,S13,SETSSS______,SETSS,S,,-1.1229634297213442,0.7049737112467517,58326,82735,132,115,120,MELK,MELK,STK,ST,FALSE,CAMK,KCNB1_489_501_S13_0b132_O0xO,KWtKRTLsETSSS*
13,S13,SETSSS______,SETSS,S,,-1.1088304982225041,0.6349912370822506,52536,82735,131,179,47,CHK1,CHEK1,STK,ST,FALSE,CAMK,KCNB1_489_501_S13_0b132_O0xO,KWtKRTLsETSSS*
13,S13,SETSSS______,SETSS,S,,-1.099914923051549,0.7665679579379948,63422,82735,130,68,142,NEK5,NEK5,STK,ST,FALSE,Other,KCNB1_489_501_S13_0b132_O0xO,KWtKRTLsETSSS*
13,S13,SETSSS______,SETSS,S,,-1.0887827401950356,0.6833504562760622,56537,82735,129,134,273,MST4,STK26,STK,ST,FALSE,STE,KCNB1_489_501_S13_0b132_O0xO,KWtKRTLsETSSS*
13,S13,SETSSS______,SETSS,S,,-1.0793967614610378,0.8455913458632985,69960,82735,128,28,139,NEK8,NEK8,STK,ST,FALSE,Other,KCNB1_489_501_S13_0b132_O0xO,KWtKRTLsETSSS*
13,S13,SETSSS______,SETSS,S,,-1.0736093212149684,0.7509639209524385,62131,82735,127,83,383,PKCB,PRKCB,STK,ST,FALSE,AGC,KCNB1_489_501_S13_0b132_O0xO,KWtKRTLsETSSS*
13,S13,SETSSS______,SETSS,S,,-1.0704563139739087,0.5726596966217441,47379,82735,126,210,2,P38B,MAPK11,STK,ST,FALSE,CMGC,KCNB1_489_501_S13_0b132_O0xO,KWtKRTLsETSSS*
13,S13,SETSSS______,SETSS,S,,-1.0703340457069106,0.6627787514353055,54835,82735,125,155,121,MAPKAPK3,MAPKAPK3,STK,ST,FALSE,CAMK,KCNB1_489_501_S13_0b132_O0xO,KWtKRTLsETSSS*
13,S13,SETSSS______,SETSS,S,,-1.0390323350951225,0.7576962591406298,62688,82735,124,77,29,NIM1,NIM1K,STK,ST,FALSE,CAMK,KCNB1_489_501_S13_0b132_O0xO,KWtKRTLsETSSS*
13,S13,SETSSS______,SETSS,S,,-1.0356400834687185,0.6757236961382728,55906,82735,123,138,128,TSSK2,TSSK2,STK,ST,FALSE,CAMK,KCNB1_489_501_S13_0b132_O0xO,KWtKRTLsETSSS*
13,S13,SETSSS______,SETSS,S,,-1.020157961285894,0.5369915996857436,44428,82735,122,221,3,P38A,MAPK14,STK,ST,FALSE,CMGC,KCNB1_489_501_S13_0b132_O0xO,KWtKRTLsETSSS*
13,S13,SETSSS______,SETSS,S,,-0.9891546951672202,0.5709554602042667,47238,82735,121,211,109,PIM3,PIM3,STK,ST,FALSE,CAMK,KCNB1_489_501_S13_0b132_O0xO,KWtKRTLsETSSS*
13,S13,SETSSS______,SETSS,S,,-0.98191870715553,0.7074998489152112,58535,82735,120,110,278,ALK2,ACVR1,STK,ST,FALSE,TKL,KCNB1_489_501_S13_0b132_O0xO,KWtKRTLsETSSS*
13,S13,SETSSS______,SETSS,S,,-0.9801291467825035,0.8033601257025442,66466,82735,119,55,40,BRAF,BRAF,STK,ST,TRUE,TKL,KCNB1_489_501_S13_0b132_O0xO,KWtKRTLsETSSS*
13,S13,SETSSS______,SETSS,S,,-0.9618313533284741,0.6003142563606696,49667,82735,118,203,33,CDK18,CDK18,STK,ST,FALSE,CMGC,KCNB1_489_501_S13_0b132_O0xO,KWtKRTLsETSSS*
13,S13,SETSSS______,SETSS,S,,-0.9557147048343859,0.7614189883362543,62996,82735,117,73,86,TAO3,TAOK3,STK,ST,FALSE,STE,KCNB1_489_501_S13_0b132_O0xO,KWtKRTLsETSSS*
13,S13,SETSSS______,SETSS,S,,-0.9375443061619084,0.8089079591466731,66925,82735,116,48,289,PERK,EIF2AK3,STK,ST,FALSE,Other,KCNB1_489_501_S13_0b132_O0xO,KWtKRTLsETSSS*
13,S13,SETSSS______,SETSS,S,,-0.9143481633298638,0.6928144074454584,57320,82735,115,129,102,CHAK2,TRPM6,STK,ST,FALSE,Alpha,KCNB1_489_501_S13_0b132_O0xO,KWtKRTLsETSSS*
13,S13,SETSSS______,SETSS,S,,-0.9140830844376343,0.8313531153683447,68782,82735,114,37,252,MEKK2,MAP3K2,STK,ST,FALSE,STE,KCNB1_489_501_S13_0b132_O0xO,KWtKRTLsETSSS*
13,S13,SETSSS______,SETSS,S,,-0.9132754237535018,0.6061279990330574,50148,82735,113,200,276,ALK4,ACVR1B,STK,ST,FALSE,TKL,KCNB1_489_501_S13_0b132_O0xO,KWtKRTLsETSSS*
13,S13,SETSSS______,SETSS,S,,-0.9081926033061514,0.7278902520094277,60222,82735,112,96,363,PKCZ,PRKCZ,STK,ST,FALSE,AGC,KCNB1_489_501_S13_0b132_O0xO,KWtKRTLsETSSS*
13,S13,SETSSS______,SETSS,S,,-0.8966518699718804,0.7199492355109688,59565,82735,111,101,143,NEK6,NEK6,STK,ST,FALSE,Other,KCNB1_489_501_S13_0b132_O0xO,KWtKRTLsETSSS*
13,S13,SETSSS______,SETSS,S,,-0.8950953361008663,0.6478999214359098,53604,82735,110,170,385,CAMK2D,CAMK2D,STK,ST,FALSE,CAMK,KCNB1_489_501_S13_0b132_O0xO,KWtKRTLsETSSS*
13,S13,SETSSS______,SETSS,S,,-0.8853359546680799,0.6089442194959811,50381,82735,109,199,387,CAMK2A,CAMK2A,STK,ST,FALSE,CAMK,KCNB1_489_501_S13_0b132_O0xO,KWtKRTLsETSSS*
13,S13,SETSSS______,SETSS,S,,-0.8711169919908781,0.703801293285792,58229,82735,108,116,371,MASTL,MASTL,STK,ST,FALSE,AGC,KCNB1_489_501_S13_0b132_O0xO,KWtKRTLsETSSS*
13,S13,SETSSS______,SETSS,S,,-0.8685447845091323,0.8215023871396627,67967,82735,107,39,60,SMG1,SMG1,STK,ST,FALSE,PIKK,KCNB1_489_501_S13_0b132_O0xO,KWtKRTLsETSSS*
13,S13,SETSSS______,SETSS,S,,-0.8529542782632727,0.7533087568743579,62325,82735,106,82,351,BMPR1A,BMPR1A,STK,ST,FALSE,TKL,KCNB1_489_501_S13_0b132_O0xO,KWtKRTLsETSSS*
13,S13,SETSSS______,SETSS,S,,-0.8495157339104406,0.7717411011059406,63850,82735,105,66,71,RIPK3,RIPK3,STK,ST,FALSE,TKL,KCNB1_489_501_S13_0b132_O0xO,KWtKRTLsETSSS*
13,S13,SETSSS______,SETSS,S,,-0.8439786417563805,0.6426542575693479,53170,82735,104,172,55,CDK16,CDK16,STK,ST,FALSE,CMGC,KCNB1_489_501_S13_0b132_O0xO,KWtKRTLsETSSS*
13,S13,SETSSS______,SETSS,S,,-0.8372965816347049,0.6106726294796639,50524,82735,103,197,372,TGFBR1,TGFBR1,STK,ST,FALSE,TKL,KCNB1_489_501_S13_0b132_O0xO,KWtKRTLsETSSS*
13,S13,SETSSS______,SETSS,S,,-0.8155841135191204,0.8391732640357769,69429,82735,102,32,249,MEKK1,MAP3K1,STK,ST,FALSE,STE,KCNB1_489_501_S13_0b132_O0xO,KWtKRTLsETSSS*
13,S13,SETSSS______,SETSS,S,,-0.7985434817857123,0.8564211035232973,70856,82735,101,18,232,ULK1,ULK1,STK,ST,FALSE,Other,KCNB1_489_501_S13_0b132_O0xO,KWtKRTLsETSSS*
13,S13,SETSSS______,SETSS,S,,-0.7912200266850817,0.8679156342539434,71807,82735,100,13,210,SNRK,SNRK,STK,ST,FALSE,CAMK,KCNB1_489_501_S13_0b132_O0xO,KWtKRTLsETSSS*
13,S13,SETSSS______,SETSS,S,,-0.7785791461220265,0.7055176164863721,58371,82735,99,113,82,PKN3,PKN3,STK,ST,FALSE,AGC,KCNB1_489_501_S13_0b132_O0xO,KWtKRTLsETSSS*
13,S13,SETSSS______,SETSS,S,,-0.7509602572904406,0.8515863902822264,70456,82735,98,24,241,TTBK1,TTBK1,STK,ST,FALSE,CK1,KCNB1_489_501_S13_0b132_O0xO,KWtKRTLsETSSS*
13,S13,SETSSS______,SETSS,S,,-0.7481093455148036,0.66876170907113075,55330,82735,97,147,347,BMPR1B,BMPR1B,STK,ST,FALSE,TKL,KCNB1_489_501_S13_0b132_O0xO,KWtKRTLsETSSS*
13,S13,SETSSS______,SETSS,S,,-0.7273768599947306,0.5076328035293407,41999,82735,96,232,208,NIK,MAP3K14,STK,ST,FALSE,STE,KCNB1_489_501_S13_0b132_O0xO,KWtKRTLsETSSS*
13,S13,SETSSS______,SETSS,S,,-0.7267929601880303,0.6447573578292137,53344,82735,95,171,153,CDK4,CDK4,STK,ST,FALSE,CMGC,KCNB1_489_501_S13_0b132_O0xO,KWtKRTLsETSSS*
13,S13,SETSSS______,SETSS,S,,-0.7151675209477967,0.6356560101528979,52591,82735,94,178,147,CDK9,CDK9,STK,ST,FALSE,CMGC,KCNB1_489_501_S13_0b132_O0xO,KWtKRTLsETSSS*
13,S13,SETSSS______,SETSS,S,,-0.7034325651739055,0.7614431619024596,62998,82735,93,72,270,ANKRD3,RIPK4,STK,ST,FALSE,TKL,KCNB1_489_501_S13_0b132_O0xO,KWtKRTLsETSSS*
13,S13,SETSSS______,SETSS,S,,-0.7022564794414261,0.8651840212727383,71581,82735,92,15,94,MEK1,MAP2K1,STK,ST,TRUE,STE,KCNB1_489_501_S13_0b132_O0xO,KWtKRTLsETSSS*
13,S13,SETSSS______,SETSS,S,,-0.6995544862637849,0.6347857617695051,52519,82735,91,180,50,CDK12,CDK12,STK,ST,FALSE,CMGC,KCNB1_489_501_S13_0b132_O0xO,KWtKRTLsETSSS*
13,S13,SETSSS______,SETSS,S,,-0.6993055117311092,0.8948691605729135,74037,82735,90,5,31,PLK4,PLK4,STK,ST,FALSE,Other,KCNB1_489_501_S13_0b132_O0xO,KWtKRTLsETSSS*
13,S13,SETSSS______,SETSS,S,,-0.6882285985372771,0.870659334018251,72034,82735,89,12,326,IRAK1,IRAK1,STK,ST,FALSE,TKL,KCNB1_489_501_S13_0b132_O0xO,KWtKRTLsETSSS*
13,S13,SETSSS______,SETSS,S,,-0.6801919439607464,0.6898531455853024,57075,82735,88,131,174,PDHK1,PDK1,STK,STY,FALSE,PDHK,KCNB1_489_501_S13_0b132_O0xO,KWtKRTLsETSSS*
13,S13,SETSSS______,SETSS,S,,-0.6683027906223201,0.7573820027799602,62662,82735,87,78,63,CK1G2,CSNK1G2,STK,ST,FALSE,CK1,KCNB1_489_501_S13_0b132_O0xO,KWtKRTLsETSSS*
13,S13,SETSSS______,SETSS,S,,-0.6638158716875046,0.4217682963679217,34895,82735,86,268,240,NLK,NLK,STK,ST,FALSE,CMGC,KCNB1_489_501_S13_0b132_O0xO,KWtKRTLsETSSS*
13,S13,SETSSS______,SETSS,S,,-0.6593793044631757,0.734320420620052,60754,82735,85,90,391,ACVR2B,ACVR2B,STK,ST,FALSE,TKL,KCNB1_489_501_S13_0b132_O0xO,KWtKRTLsETSSS*
13,S13,SETSSS______,SETSS,S,,-0.6373582870324704,0.6044721097479906,50011,82735,84,201,178,JNK2,MAPK9,STK,ST,FALSE,CMGC,KCNB1_489_501_S13_0b132_O0xO,KWtKRTLsETSSS*
13,S13,SETSSS______,SETSS,S,,-0.6281583443718751,0.8820209101347676,72974,82735,83,9,213,ZAK,MAP3K20,STK,ST,FALSE,TKL,KCNB1_489_501_S13_0b132_O0xO,KWtKRTLsETSSS*
13,S13,SETSSS______,SETSS,S,,-0.6230335842782169,0.6184081706653775,51164,82735,82,195,4,P38D,MAPK13,STK,ST,FALSE,CMGC,KCNB1_489_501_S13_0b132_O0xO,KWtKRTLsETSSS*
13,S13,SETSSS______,SETSS,S,,-0.61836521423326,0.8090650873270079,66938,82735,81,47,331,IRE1,ERN1,STK,ST,FALSE,Other,KCNB1_489_501_S13_0b132_O0xO,KWtKRTLsETSSS*
13,S13,SETSSS______,SETSS,S,,-0.5875534816020784,0.6509820511270925,53859,82735,80,166,35,CDK19,CDK19,STK,ST,FALSE,CMGC,KCNB1_489_501_S13_0b132_O0xO,KWtKRTLsETSSS*
13,S13,SETSSS______,SETSS,S,,-0.5809845717453219,0.8642291654076267,71502,82735,79,16,250,MEKK3,MAP3K3,STK,ST,FALSE,STE,KCNB1_489_501_S13_0b132_O0xO,KWtKRTLsETSSS*
13,S13,SETSSS______,SETSS,S,,-0.5732550520302713,0.7454886082069258,61678,82735,78,86,392,ACVR2A,ACVR2A,STK,ST,FALSE,TKL,KCNB1_489_501_S13_0b132_O0xO,KWtKRTLsETSSS*
13,S13,SETSSS______,SETSS,S,,-0.5669793382890865,0.5039946818154348,41698,82735,77,233,329,GRK7,GRK7,STK,ST,FALSE,AGC,KCNB1_489_501_S13_0b132_O0xO,KWtKRTLsETSSS*
13,S13,SETSSS______,SETSS,S,,-0.5491339893446714,0.5540581374267238,45840,82735,76,214,135,CK1A2,CSNK1A1L,STK,ST,FALSE,CK1,KCNB1_489_501_S13_0b132_O0xO,KWtKRTLsETSSS*
13,S13,SETSSS______,SETSS,S,,-0.5389035894433285,0.8520577748232308,70495,82735,75,23,193,YSK4,MAP3K19,STK,ST,FALSE,STE,KCNB1_489_501_S13_0b132_O0xO,KWtKRTLsETSSS*
13,S13,SETSSS______,SETSS,S,,-0.5193675659046226,0.6661147035716444,55111,82735,74,153,312,YANK3,STK32C,STK,ST,FALSE,AGC,KCNB1_489_501_S13_0b132_O0xO,KWtKRTLsETSSS*
13,S13,SETSSS______,SETSS,S,,-0.5166985298788834,0.7974013416329244,65973,82735,73,58,259,WNK3,WNK3,STK,ST,FALSE,Other,KCNB1_489_501_S13_0b132_O0xO,KWtKRTLsETSSS*
13,S13,SETSSS______,SETSS,S,,-0.5129576912315909,0.7892548498217199,65299,82735,72,62,58,CK1G1,CSNK1G1,STK,ST,FALSE,CK1,KCNB1_489_501_S13_0b132_O0xO,KWtKRTLsETSSS*
13,S13,SETSSS______,SETSS,S,,-0.5078354627991424,0.6358856590318487,52610,82735,71,177,61,CK1E,CSNK1E,STK,ST,FALSE,CK1,KCNB1_489_501_S13_0b132_O0xO,KWtKRTLsETSSS*
13,S13,SETSSS______,SETSS,S,,-0.4942754135238209,0.6272194355472291,51893,82735,70,188,176,JNK1,MAPK8,STK,ST,FALSE,CMGC,KCNB1_489_501_S13_0b132_O0xO,KWtKRTLsETSSS*
13,S13,SETSSS______,SETSS,S,,-0.4876431811354265,0.7727684776696682,63935,82735,69,65,108,NEK2,NEK2,STK,ST,FALSE,Other,KCNB1_489_501_S13_0b132_O0xO,KWtKRTLsETSSS*
13,S13,SETSSS______,SETSS,S,,-0.47704238400621374,0.5603553514232187,46361,82735,68,212,268,ERK5,MAPK7,STK,ST,FALSE,CMGC,KCNB1_489_501_S13_0b132_O0xO,KWtKRTLsETSSS*
13,S13,SETSSS______,SETSS,S,,-0.47113158329050286,0.7832718921858948,64804,82735,67,63,333,RIPK1,RIPK1,STK,ST,FALSE,TKL,KCNB1_489_501_S13_0b132_O0xO,KWtKRTLsETSSS*
13,S13,SETSSS______,SETSS,S,,-0.44966826303851637,0.2382184081706654,19709,82735,66,302,354,GSK3B,GSK3B,STK,ST,FALSE,CMGC,KCNB1_489_501_S13_0b132_O0xO,KWtKRTLsETSSS*
13,S13,SETSSS______,SETSS,S,,-0.44581670028369996,0.8387864869764912,69397,82735,65,34,327,IRE2,ERN2,STK,ST,FALSE,Other,KCNB1_489_501_S13_0b132_O0xO,KWtKRTLsETSSS*
13,S13,SETSSS______,SETSS,S,,-0.4344865530758054,0.47745210612195566,39502,82735,64,251,340,CLK3,CLK3,STK,ST,FALSE,CMGC,KCNB1_489_501_S13_0b132_O0xO,KWtKRTLsETSSS*
13,S13,SETSSS______,SETSS,S,,-0.4277671021431423,0.7586632017888439,62768,82735,63,76,80,DLK,MAP3K12,STK,ST,FALSE,TKL,KCNB1_489_501_S13_0b132_O0xO,KWtKRTLsETSSS*
13,S13,SETSSS______,SETSS,S,,-0.41512513392072375,0.6705989001027377,55482,82735,62,144,173,PDHK4,PDK4,STK,STY,FALSE,PDHK,KCNB1_489_501_S13_0b132_O0xO,KWtKRTLsETSSS*
13,S13,SETSSS______,SETSS,S,,-0.3880914084818651,0.6288148909167824,52025,82735,61,185,266,ERK1,MAPK3,STK,ST,FALSE,CMGC,KCNB1_489_501_S13_0b132_O0xO,KWtKRTLsETSSS*
13,S13,SETSSS______,SETSS,S,,-0.3572698929111007,0.8056203541427449,66653,82735,60,51,37,PLK2,PLK2,STK,ST,FALSE,Other,KCNB1_489_501_S13_0b132_O0xO,KWtKRTLsETSSS*
13,S13,SETSSS______,SETSS,S,,-0.340725323820644,0.8355109687556657,69126,82735,59,36,311,YANK2,STK32B,STK,ST,FALSE,AGC,KCNB1_489_501_S13_0b132_O0xO,KWtKRTLsETSSS*
13,S13,SETSSS______,SETSS,S,,-0.33926675624251623,0.6587659394452167,54503,82735,58,160,151,CDK6,CDK6,STK,ST,FALSE,CMGC,KCNB1_489_501_S13_0b132_O0xO,KWtKRTLsETSSS*
13,S13,SETSSS______,SETSS,S,,-0.3273395046225214,0.6729437360246571,55676,82735,57,141,30,CDK17,CDK17,STK,ST,FALSE,CMGC,KCNB1_489_501_S13_0b132_O0xO,KWtKRTLsETSSS*
13,S13,SETSSS______,SETSS,S,,-0.3201009174011567,0.803480993533571,66476,82735,56,54,65,CK1G3,CSNK1G3,STK,ST,FALSE,CK1,KCNB1_489_501_S13_0b132_O0xO,KWtKRTLsETSSS*
13,S13,SETSSS______,SETSS,S,,-0.3184834834914032,0.6528796760742128,54016,82735,55,163,148,CDK8,CDK8,STK,ST,FALSE,CMGC,KCNB1_489_501_S13_0b132_O0xO,KWtKRTLsETSSS*
13,S13,SETSSS______,SETSS,S,,-0.3143038543639715,0.6321629298362241,52302,82735,54,183,152,CDK5,CDK5,STK,ST,FALSE,CMGC,KCNB1_489_501_S13_0b132_O0xO,KWtKRTLsETSSS*
13,S13,SETSSS______,SETSS,S,,-0.3045972655214979,0.84040611591225,69531,82735,53,30,144,NEK7,NEK7,STK,ST,FALSE,Other,KCNB1_489_501_S13_0b132_O0xO,KWtKRTLsETSSS*
13,S13,SETSSS______,SETSS,S,,-0.303973615674089,0.6402973348643258,52975,82735,52,173,179,JNK3,MAPK10,STK,ST,FALSE,CMGC,KCNB1_489_501_S13_0b132_O0xO,KWtKRTLsETSSS*
13,S13,SETSSS______,SETSS,S,,-0.3034515764006733,0.6592856711186318,54546,82735,51,159,51,CDK13,CDK13,STK,ST,FALSE,CMGC,KCNB1_489_501_S13_0b132_O0xO,KWtKRTLsETSSS*
13,S13,SETSSS______,SETSS,S,,-0.2786300956443186,0.7660119659152717,63376,82735,50,69,269,ERK7,MAPK15,STK,ST,FALSE,CMGC,KCNB1_489_501_S13_0b132_O0xO,KWtKRTLsETSSS*
13,S13,SETSSS______,SETSS,S,,-0.24483913909282917,0.7146068773795854,59123,82735,49,105,323,GRK3,GRK3,STK,ST,FALSE,AGC,KCNB1_489_501_S13_0b132_O0xO,KWtKRTLsETSSS*
13,S13,SETSSS______,SETSS,S,,-0.2437198703637529,0.7173143167945851,59347,82735,48,102,384,CAMK2B,CAMK2B,STK,ST,FALSE,CAMK,KCNB1_489_501_S13_0b132_O0xO,KWtKRTLsETSSS*
13,S13,SETSSS______,SETSS,S,,-0.23909507599137675,0.8160995950927661,67520,82735,47,42,242,TTBK2,TTBK2,STK,ST,FALSE,CK1,KCNB1_489_501_S13_0b132_O0xO,KWtKRTLsETSSS*
13,S13,SETSSS______,SETSS,S,,-0.23831671411187574,0.811494530730646,67139,82735,46,45,140,NEK9,NEK9,STK,ST,FALSE,Other,KCNB1_489_501_S13_0b132_O0xO,KWtKRTLsETSSS*
13,S13,SETSSS______,SETSS,S,,-0.23741613065196424,0.80614008581616,66696,82735,45,50,309,MLK2,MAP3K10,STK,ST,FALSE,TKL,KCNB1_489_501_S13_0b132_O0xO,KWtKRTLsETSSS*
13,S13,SETSSS______,SETSS,S,,-0.22174352264309816,0.7054692693539615,58367,82735,44,114,261,ATR,ATR,STK,ST,FALSE,PIKK,KCNB1_489_501_S13_0b132_O0xO,KWtKRTLsETSSS*
13,S13,SETSSS______,SETSS,S,,-0.22033675979334533,0.7900525775064966,65365,82735,43,61,34,PLK3,PLK3,STK,ST,FALSE,Other,KCNB1_489_501_S13_0b132_O0xO,KWtKRTLsETSSS*
13,S13,SETSSS______,SETSS,S,,-0.21333217167384075,0.5114522269897867,42315,82735,42,231,332,PRPK,TP53RK,STK,ST,FALSE,Other,KCNB1_489_501_S13_0b132_O0xO,KWtKRTLsETSSS*
13,S13,SETSSS______,SETSS,S,,-0.20998966898497487,0.8148546564331903,67417,82735,41,43,171,TLK2,TLK2,STK,ST,FALSE,Other,KCNB1_489_501_S13_0b132_O0xO,KWtKRTLsETSSS*
13,S13,SETSSS______,SETSS,S,,-0.20476021609050815,0.8040369855562942,66522,82735,40,53,38,PLK1,PLK1,STK,ST,FALSE,Other,KCNB1_489_501_S13_0b132_O0xO,KWtKRTLsETSSS*
13,S13,SETSSS______,SETSS,S,,-0.18487337734642106,0.7009125521242521,57990,82735,39,122,322,GRK1,GRK1,STK,ST,FALSE,AGC,KCNB1_489_501_S13_0b132_O0xO,KWtKRTLsETSSS*
13,S13,SETSSS______,SETSS,S,,-0.17637911090500666,0.8544872182268689,70696,82735,38,20,230,ULK2,ULK2,STK,ST,FALSE,Other,KCNB1_489_501_S13_0b132_O0xO,KWtKRTLsETSSS*
13,S13,SETSSS______,SETSS,S,,-0.1748899986463367,0.6654861908503051,55059,82735,37,154,154,CDK3,CDK3,STK,ST,FALSE,CMGC,KCNB1_489_501_S13_0b132_O0xO,KWtKRTLsETSSS*
13,S13,SETSSS______,SETSS,S,,-0.14653175691873077,0.7780504018855382,64372,82735,36,64,41,CDC7,CDC7,STK,ST,FALSE,Other,KCNB1_489_501_S13_0b132_O0xO,KWtKRTLsETSSS*
13,S13,SETSSS______,SETSS,S,,-0.13828243239294435,0.7312624644950746,60501,82735,35,92,389,CAMK2G,CAMK2G,STK,ST,FALSE,CAMK,KCNB1_489_501_S13_0b132_O0xO,KWtKRTLsETSSS*
13,S13,SETSSS______,SETSS,S,,-0.12811365263937796,0.8616909409560646,71292,82735,34,17,215,DRAK1,STK17A,STK,ST,FALSE,CAMK,KCNB1_489_501_S13_0b132_O0xO,KWtKRTLsETSSS*
13,S13,SETSSS______,SETSS,S,,-0.123165091031752,0.762216716021031,63062,82735,33,71,325,GRK5,GRK5,STK,ST,FALSE,AGC,KCNB1_489_501_S13_0b132_O0xO,KWtKRTLsETSSS*
13,S13,SETSSS______,SETSS,S,,-0.12038063182761308,0.8485888680727625,70208,82735,32,25,283,FAM20C,FAM20C,STK,ST,FALSE,FAM20,KCNB1_489_501_S13_0b132_O0xO,KWtKRTLsETSSS*
13,S13,SETSSS______,SETSS,S,,-0.10385820528661269,0.5875989605366532,48615,82735,31,206,62,CK1D,CSNK1D,STK,ST,FALSE,CK1,KCNB1_489_501_S13_0b132_O0xO,KWtKRTLsETSSS*
13,S13,SETSSS______,SETSS,S,,-0.09909123494463196,0.8113494893334139,67127,82735,30,46,293,DNAPK,PRKDC,STK,ST,FALSE,PIKK,KCNB1_489_501_S13_0b132_O0xO,KWtKRTLsETSSS*
13,S13,SETSSS______,SETSS,S,,-0.09388527929664431,0.6678431135553272,55254,82735,29,149,267,ERK2,MAPK1,STK,ST,FALSE,CMGC,KCNB1_489_501_S13_0b132_O0xO,KWtKRTLsETSSS*
13,S13,SETSSS______,SETSS,S,,-0.09096962929074286,0.7301746540158337,60411,82735,28,93,166,BMPR2,BMPR2,STK,ST,FALSE,TKL,KCNB1_489_501_S13_0b132_O0xO,KWtKRTLsETSSS*
13,S13,SETSSS______,SETSS,S,,-0.0885079904207811,0.8424850426059104,69703,82735,27,29,104,CHAK1,TRPM7,STK,ST,FALSE,Alpha,KCNB1_489_501_S13_0b132_O0xO,KWtKRTLsETSSS*
13,S13,SETSSS______,SETSS,S,,-0.06100701221652684,0.6550915573820028,54199,82735,26,162,159,CDK1,CDK1,STK,ST,FALSE,CMGC,KCNB1_489_501_S13_0b132_O0xO,KWtKRTLsETSSS*
13,S13,SETSSS______,SETSS,S,,-0.05882847188572299,0.670623073668943,55484,82735,25,143,10,P38G,MAPK12,STK,ST,FALSE,CMGC,KCNB1_489_501_S13_0b132_O0xO,KWtKRTLsETSSS*
13,S13,SETSSS______,SETSS,S,,-0.05781833646742492,0.7230676255514594,59823,82735,24,98,324,GRK2,GRK2,STK,ST,FALSE,AGC,KCNB1_489_501_S13_0b132_O0xO,KWtKRTLsETSSS*
13,S13,SETSSS______,SETSS,S,,-0.04256283644017156,0.8463769867649725,70025,82735,23,27,169,CK2A2,CSNK2A2,STK,ST,FALSE,Other,KCNB1_489_501_S13_0b132_O0xO,KWtKRTLsETSSS*
13,S13,SETSSS______,SETSS,S,,-0.01773825680402894,0.6822747325799239,56448,82735,22,135,156,CDK2,CDK2,STK,ST,FALSE,CMGC,KCNB1_489_501_S13_0b132_O0xO,KWtKRTLsETSSS*
13,S13,SETSSS______,SETSS,S,,0.0387406794040306,0.6662960053181846,55126,82735,21,152,206,MTOR,MTOR,STK,ST,FALSE,PIKK,KCNB1_489_501_S13_0b132_O0xO,KWtKRTLsETSSS*
13,S13,SETSSS______,SETSS,S,,0.053846747123719424,0.8899135795008158,73627,82735,20,6,369,HUNK,HUNK,STK,ST,FALSE,CAMK,KCNB1_489_501_S13_0b132_O0xO,KWtKRTLsETSSS*
13,S13,SETSSS______,SETSS,S,,0.05812814680192213,0.8522511633528737,70511,82735,19,22,328,GRK4,GRK4,STK,ST,FALSE,AGC,KCNB1_489_501_S13_0b132_O0xO,KWtKRTLsETSSS*
13,S13,SETSSS______,SETSS,S,,0.07817243361191278,0.8554299873088778,70774,82735,18,19,170,CK2A1,CSNK2A1,STK,ST,FALSE,Other,KCNB1_489_501_S13_0b132_O0xO,KWtKRTLsETSSS*
13,S13,SETSSS______,SETSS,S,,0.08403068006872476,0.6719163594609294,55591,82735,17,142,303,MOS,MOS,STK,ST,FALSE,Other,KCNB1_489_501_S13_0b132_O0xO,KWtKRTLsETSSS*
13,S13,SETSSS______,SETSS,S,,0.10900344318949573,0.8165347192844624,67556,82735,16,41,320,RAF1,RAF1,STK,ST,TRUE,TKL,KCNB1_489_501_S13_0b132_O0xO,KWtKRTLsETSSS*
13,S13,SETSSS______,SETSS,S,,0.10958055806295397,0.7534658850546927,62338,82735,15,81,330,GRK6,GRK6,STK,ST,FALSE,AGC,KCNB1_489_501_S13_0b132_O0xO,KWtKRTLsETSSS*
13,S13,SETSSS______,SETSS,S,,0.11783101618043303,0.8088958723635704,66924,82735,14,49,209,PINK1,PINK1,STK,ST,FALSE,Other,KCNB1_489_501_S13_0b132_O0xO,KWtKRTLsETSSS*
13,S13,SETSSS______,SETSS,S,,0.15216596030942642,0.8825648153743881,73019,82735,13,8,204,IKKE,IKBKE,STK,ST,FALSE,Other,KCNB1_489_501_S13_0b132_O0xO,KWtKRTLsETSSS*
13,S13,SETSSS______,SETSS,S,,0.16645868478279358,0.47178340484680004,39033,82735,12,253,356,GSK3A,GSK3A,STK,ST,FALSE,CMGC,KCNB1_489_501_S13_0b132_O0xO,KWtKRTLsETSSS*
13,S13,SETSSS______,SETSS,S,,0.20993305932802198,0.914437662416148,75656,82735,11,3,366,GCN2,EIF2AK4,STK,ST,FALSE,Other,KCNB1_489_501_S13_0b132_O0xO,KWtKRTLsETSSS*
13,S13,SETSSS______,SETSS,S,,0.21860812932668494,0.8390161358554421,69416,82735,10,33,66,DSTYK,DSTYK,STK,ST,FALSE,TKL,KCNB1_489_501_S13_0b132_O0xO,KWtKRTLsETSSS*
13,S13,SETSSS______,SETSS,S,,0.24792795519307867,0.8712878467395903,72086,82735,9,11,7,TBK1,TBK1,STK,ST,FALSE,Other,KCNB1_489_501_S13_0b132_O0xO,KWtKRTLsETSSS*
13,S13,SETSSS______,SETSS,S,,0.2759930138847939,0.9063636913035595,74988,82735,8,4,310,MLK3,MAP3K11,STK,ST,FALSE,TKL,KCNB1_489_501_S13_0b132_O0xO,KWtKRTLsETSSS*
13,S13,SETSSS______,SETSS,S,,0.28313745132910917,0.8732459056022239,72248,82735,7,10,64,CK1A,CSNK1A1,STK,ST,FALSE,CK1,KCNB1_489_501_S13_0b132_O0xO,KWtKRTLsETSSS*
13,S13,SETSSS______,SETSS,S,,0.32380978656183906,0.8482625249289901,70181,82735,6,26,200,IKKA,CHUK,STK,ST,FALSE,Other,KCNB1_489_501_S13_0b132_O0xO,KWtKRTLsETSSS*
13,S13,SETSSS______,SETSS,S,,0.37502610416534254,0.8673233818819122,71758,82735,5,14,260,ATM,ATM,STK,ST,FALSE,PIKK,KCNB1_489_501_S13_0b132_O0xO,KWtKRTLsETSSS*
13,S13,SETSSS______,SETSS,S,,0.452667567698818,0.8534840152293467,70613,82735,4,21,203,IKKB,IKBKB,STK,ST,FALSE,Other,KCNB1_489_501_S13_0b132_O0xO,KWtKRTLsETSSS*
13,S13,SETSSS______,SETSS,S,,0.5941531446583797,0.9259805402792047,76611,82735,3,2,308,MLK1,MAP3K9,STK,ST,FALSE,TKL,KCNB1_489_501_S13_0b132_O0xO,KWtKRTLsETSSS*
13,S13,SETSSS______,SETSS,S,,0.6692249996828042,0.9438085453556536,78086,82735,2,1,313,MLK4,MAP3K21,STK,ST,FALSE,TKL,KCNB1_489_501_S13_0b132_O0xO,KWtKRTLsETSSS*
13,S13,SETSSS______,SETSS,S,,0.8399172351202094,0.818311476400556,67703,82735,1,40,146,COT,MAP3K8,STK,ST,FALSE,STE,KCNB1_489_501_S13_0b132_O0xO,KWtKRTLsETSSS*
